Workbook

Sheet TTB Reporting
B1: Date: | C1: Mashbill | D1: LOT # | E1: Tank of Origin: | F1: Proof (Initial): Pdi | G1: Proofing Tank: | H1: Total Weight: lbs - Wt | I1: Whiskey Type: | J1: Mash Bill: | K1: Bbl Entry Proof: Pdi | L1: Density (final): Df | M1: Total Volume: WG | N1: Total PGs | O1: Total WGs | P1: Bbl OEM: | Q1: Bbl Type: | R1: Bbl Total: | S1: Confirmed | T1: Avg. Bbl Fill: by PG | U1: Avg. Bbl Fill: by WG | V1: PG Losses: | W1: Total PGs by Recipe | X1: Total Ferms: | Y1: Avg PGs / Ferm | Z1: Grain - lbs / Ferm | AA1: Grain - lbs / PG | AB1: Standard Yield (PGs/56#) | AC1: WHK_WHSE#: | AD1: Notes: | AE1: Barrel Item Number | AF1: FG Item Number | AG1: Production Order ID
B2: 45488 | C2: WHK 74-18-00-08 | D2: 24G15A.01 | E2: Blend Tank 02 | F2: 131.298 | G2: Blend Tank 02 | H2: 69141.22 | I2: Rye Bourbon | J2: WHK 74-18-00-08 | K2: 124.8 | L2: 7.489 | M2: =(H2/L2) -> 9232.3701 | N2: =O2*(K2/100) -> 11423.443 | O2: 9153.4 | P2: ISC | Q2: RC-53 | R2: 169 | T2: =(N2-V2)/R2 -> 66.913865 | U2: =(O2-V2)/R2 -> 53.481657 | V2: 115 | W2: 507.7# | AC2: WHK_WHSE_01 | AD2: JUICE LOSS of two barrels
B3: 45489 | C3: WSC 74-18-00-08 | D3: 24G16A.01 | E3: Blend Tank 02 | F3: 133.83 | G3: Blend Tank 01 | H3: 46400.5 | I3: Rye Bourbon | J3: WSC 74-18-00-08 | K3: 125 | L3: 7.463 | M3: =(H3/L3) -> 6217.4059 | N3: 7786.68 | O3: =H3/L3 -> 6217.4059 | P3: ISC | Q3: RC-53 | R3: 116 | T3: =(N3-V3)/R3 -> 67.126552 | U3: =(O3-V3)/R3 -> 53.598326 | AC3: WHK_WHSE_01
B4: 45489 | C4: WSC 74-18-00-08 | D4: 24G16B.02 | E4: Cistern Tank 01 | F4: 133.83 | G4: Blend Tank 01 | H4: 35428.96 | I4: Rye Bourbon | J4: WSC 74-18-00-08 | K4: 125 | L4: 7.46 | M4: =(H4/L4) -> 4749.1903 | N4: 5947.89 | O4: =H4/L4 -> 4749.1903 | P4: WVGBC | Q4: RC-53 | R4: 88 | T4: =(N4-V4)/R4 -> 67.021477 | U4: =(O4-V4)/R4 -> 53.39989 | V4: 50 | AC4: WHK_WHSE_01
B5: 45490 | C5: WSC 74-18-00-08 | D5: 24G17A.01 | E5: Cistern Tank 01 | F5: 144.04 | G5: Blend Tank 01 | H5: =86590-7665 -> 78925 | I5: Rye Bourbon | J5: WSC 74-18-00-08 | K5: 124.99 | L5: 7.48 | M5: =(H5/L5) -> 10551.471 | N5: =(M5*(K5/100)) -> 13188.283 | O5: =H5/L5 -> 10551.471 | P5: WVGBC | Q5: RC-53 | R5: 195 | T5: =(N5-V5)/R5 -> 67.632221 | U5: =(O5-V5)/R5 -> 54.110106 | AC5: WHK_WHSE_01
B6: 45491 | C6: WSC 74-18-00-08 | D6: 24G18A.01 | E6: Cistern Tank 01 | F6: 139.05 | G6: Blend Tank 02 | H6: 80995 | I6: Rye Bourbon | J6: WSC 74-18-00-08 | K6: 125 | L6: 7.53 | M6: =(H6/L6) -> 10756.308 | N6: 13451.84 | O6: =H6/L6 -> 10756.308 | P6: WVGBC | Q6: RC-53 | R6: 201 | T6: =(N6-V6)/R6 -> 66.924577 | U6: =(O6-V6)/R6 -> 53.513971 | AC6: WHK_WHSE_01
B7: 45492 | C7: WSC 74-18-00-08 | D7: 24G19A.01 | E7: Cistern Tank 01 | F7: 141.19 | G7: Blend Tank 01 | H7: 78075 | I7: Rye Bourbon | J7: WSC 74-18-00-08 | K7: 124.7 | L7: 7.49 | M7: =(H7/L7) -> 10423.899 | N7: =(M7*(K7/100)) -> 12998.601 | O7: =H7/L7 -> 10423.899 | P7: WVGBC | Q7: RC-53 | R7: 192 | T7: =(N7-V7)/R7 -> 67.701049 | U7: =(O7-V7)/R7 -> 54.291138 | AC7: WHK_WHSE_01
B8: 45492 | C8: WSC 74-18-00-08 | D8: 24G19B.01 | E8: Cistern Tank 01 | F8: 139.05 | G8: Blend Tank 02 | H8: 9275 | I8: Rye Bourbon | J8: WSC 74-18-00-08 | K8: 125 | L8: 7.53 | M8: =(H8/L8) -> 1231.7397 | N8: 1540.41 | O8: =H8/L8 -> 1231.7397 | P8: WVGBC | Q8: RC-53 | R8: 23 | T8: =(N8-V8)/R8 -> 66.974348 | U8: =(O8-V8)/R8 -> 53.5539 | AC8: WHK_WHSE_01
B9: 45495 | C9: WSC 74-18-00-08 | D9: 24G22A.01 | E9: Cistern Tank 01 | F9: 140.6 | G9: Blend Tank 01 | H9: =85400-70 -> 85330 | I9: Rye Bourbon | J9: WSC 74-18-00-08 | K9: 125.01 | L9: 7.49 | M9: =(H9/L9) -> 11392.523 | N9: =(M9*(K9/100)) -> 14241.793 | O9: =H9/L9 -> 11392.523 | P9: WVGBC | Q9: RC-53 | R9: 213 | T9: =(N9-V9)/R9 -> 66.86288 | U9: =(O9-V9)/R9 -> 53.486025 | AC9: WHK_WHSE_01
B10: 45495 | C10: WSC 74-18-00-08 | D10: 24G22B.01 | E10: Cistern Tank 01 | F10: 140.24 | G10: Blend Tank 02 | H10: =80655-41220 -> 39435 | I10: Rye Bourbon | J10: WSC 74-18-00-08 | K10: 124.89 | L10: 7.48 | M10: =(H10/L10) -> 5272.0588 | N10: =(M10*(K10/100)) -> 6584.2743 | O10: =H10/L10 -> 5272.0588 | P10: WVGBC | Q10: RC-53 | R10: 97 | T10: =(N10-V10)/R10 -> 67.879116 | U10: =(O10-V10)/R10 -> 54.351122 | AC10: WHK_WHSE_01
B11: 45496 | C11: WSC 74-18-00-08 | D11: 24G23A.01 | E11: Cistern Tank 01 | F11: 140.24 | G11: Blend Tank 02 | H11: 57110 | I11: Rye Bourbon | J11: WSC 74-18-00-08 | K11: 124.76 | L11: 7.49 | M11: =(H11/L11) -> 7624.8331 | N11: =(M11*(K11/100)) -> 9512.7418 | O11: =H11/L11 -> 7624.8331 | P11: WVGBC | Q11: RC-53 | R11: 138 | T11: =(N11-V11)/R11 -> 68.932912 | U11: =(O11-V11)/R11 -> 55.252414 | AC11: WHK_WHSE_01
B12: 45496 | C12: WSC 74-18-00-08 | D12: 24G23B.10 | E12: Cistern Tank 01 | F12: 140.1 | G12: Blend Tank 01 | H12: =84545 -> 84545 | I12: Rye Bourbon | J12: WSC 74-18-00-08 | K12: 125 | L12: 7.49 | M12: =(H12/L12) -> 11287.717 | N12: 14128.84 | O12: =H12/L12 -> 11287.717 | P12: ISC | Q12: RC-53 | R12: 166 | T12: =(N12-V12)/R12 -> 85.113494 | U12: =(O12-V12)/R12 -> 67.998295 | AC12: WHK_WHSE_01
B13: 45497 | C13: WSC 74-18-00-08 | D13: 24G24A.10 | E13: Cistern Tank 01 | F13: 140.7 | G13: Blend Tank 02 | H13: =84895-3440 -> 81455 | I13: Rye Bourbon | J13: WSC 74-18-00-08 | K13: 125 | L13: 7.49 | M13: =(H13/L13) -> 10875.167 | N13: 13603.75 | O13: =H13/L13 -> 10875.167 | P13: ISC | Q13: RC-53 | R13: 195 | T13: =(N13-V13)/R13 -> 69.762821 | U13: =(O13-V13)/R13 -> 55.770087 | AC13: WHK_WHSE_01
B14: 45497 | C14: WSC 74-18-00-08 | D14: 24G24B.10 | E14: Cistern Tank 01 | F14: 140.7 | G14: Blend Tank 01 | H14: =84910-4370 -> 80540 | I14: Rye Bourbon | J14: WSC 74-18-00-08 | K14: 125 | L14: 7.49 | M14: =(H14/L14) -> 10753.004 | N14: 13460.61 | O14: =H14/L14 -> 10753.004 | P14: ISC | Q14: RC-53 | R14: 203 | T14: =(N14-V14)/R14 -> 66.308424 | U14: =(O14-V14)/R14 -> 52.970463 | AC14: WHK_WHSE_01
B15: 45498 | C15: WSC 74-18-00-08 | D15: 24G25A.10 | E15: Cistern Tank 01 | F15: 140.6 | G15: Blend Tank 02 | H15: 67575.69 | I15: Rye Bourbon | J15: WSC 74-18-00-08 | K15: 125 | L15: 7.47 | M15: =(H15/L15) -> 9046.2771 | N15: 11334.08 | O15: =H15/L15 -> 9046.2771 | P15: ISC | Q15: RC-53 | R15: 171 | T15: =(N15-V15)/R15 -> 66.28117 | U15: =(O15-V15)/R15 -> 52.902205 | AC15: WHK_WHSE_01
B16: 45498 | C16: WSC 74-18-00-08 | D16: 24G25B.10 | E16: Cistern Tank 01 | F16: 141.39 | G16: Blend Tank 01 | H16: 37689 | I16: Rye Bourbon | J16: WSC 74-18-00-08 | K16: 125 | L16: 7.47 | M16: =(H16/L16) -> 5045.3815 | N16: 6318.84 | O16: =H16/L16 -> 5045.3815 | P16: ISC | Q16: RC-53 | R16: 95 | T16: =(N16-V16)/R16 -> 66.514105 | U16: =(O16-V16)/R16 -> 53.109279 | AC16: WHK_WHSE_01
B17: 45499 | C17: WSC 74-18-00-08 | D17: 24G26A.10 | E17: Cistern Tank 01 | F17: 141.04 | G17: Blend Tank 02 | H17: 72761.7 | I17: Rye Bourbon | J17: WSC 74-18-00-08 | K17: 124.89 | L17: 7.48 | M17: =(H17/L17) -> 9727.5 | N17: =(M17*(K17/100)) -> 12148.675 | O17: =H17/L17 -> 9727.5 | P17: ISC | Q17: RC-53 | R17: 184 | T17: =(N17-V17)/R17 -> 66.025406 | U17: =(O17-V17)/R17 -> 52.866848 | AC17: WHK_WHSE_01
B18: 45499 | C18: WSC 74-18-00-08 | D18: 24G26B.10 | E18: Cistern Tank 01 | F18: 141.03 | G18: Blend Tank 01 | H18: 33472 | I18: Rye Bourbon | J18: WSC 74-18-00-08 | K18: 124.79 | L18: 7.48 | M18: =(H18/L18) -> 4474.8663 | N18: =(M18*(K18/100)) -> 5584.1857 | O18: =H18/L18 -> 4474.8663 | P18: ISC | Q18: RC-53 | R18: 84 | T18: =(N18-V18)/R18 -> 66.478401 | U18: =(O18-V18)/R18 -> 53.272218 | AC18: WHK_WHSE_01
B19: 45502 | C19: WSC 74-18-00-08 | D19: 24G29A.10 | E19: Cistern Tank 01 | F19: 140.1 | G19: Blend Tank 02 | H19: 89405 | I19: Rye Bourbon | J19: WSC 74-18-00-08 | K19: 125.03 | L19: 7.47 | M19: =(H19/L19) -> 11968.541 | N19: =(M19*(K19/100)) -> 14964.267 | O19: =H19/L19 -> 11968.541 | P19: ISC | Q19: RC-53 | R19: 224 | T19: =(N19-V19)/R19 -> 66.804762 | U19: =(O19-V19)/R19 -> 53.430986 | AC19: WHK_WHSE_01
B20: 45502 | C20: WSC 74-18-00-08 | D20: 24G29B.10 | E20: Cistern Tank 01 | F20: 140.05 | G20: Blend Tank 01 | H20: =112925-105 -> 112820 | I20: Rye Bourbon | J20: WSC 74-18-00-08 | K20: 125 | L20: 7.47 | M20: =(H20/L20) -> 15103.079 | N20: 18886.4 | O20: =H20/L20 -> 15103.079 | P20: ISC | Q20: RC-53 | R20: 283 | T20: =(N20-V20)/R20 -> 66.736396 | U20: =(O20-V20)/R20 -> 53.36777 | AC20: WHK_WHSE_01
B21: 45503 | C21: WSC 74-18-00-08 | D21: 24G30A.10 | E21: Cistern Tank 01 | F21: 140.06 | G21: Blend Tank 02 | H21: 90225 | I21: Rye Bourbon | J21: WSC 74-18-00-08 | K21: 125.01 | L21: 7.47 | M21: =(H21/L21) -> 12078.313 | N21: =(M21*(K21/100)) -> 15099.099 | O21: =H21/L21 -> 12078.313 | P21: ISC | Q21: RC-53 | R21: 226 | T21: =(N21-V21)/R21 -> 66.810174 | U21: =((O21-V21/(K21/100))/R21) -> 53.443864 | AC21: WHK_WHSE_01
B22: 45503 | C22: RSP 75-21-00-04 | D22: 24G30B.01 | E22: Cistern Tank 02 | F22: 140.08 | G22: Blend Tank 01 | H22: =83850-8160 -> 75690 | I22: Rye Bourbon | J22: RSP 75-21-00-04 | K22: 125 | L22: 7.47 | M22: =(H22/L22) -> 10132.53 | N22: 12670.73 | O22: =H22/L22 -> 10132.53 | P22: WVGBC | Q22: RC-53 | R22: 187 | T22: =(N22-V22)/R22 -> 67.757914 | U22: =(O22-V22)/R22 -> 54.184653 | AC22: WHK_WHSE_01
B23: 45504 | C23: RSP 75-21-00-04 | D23: 24G31A.01 | E23: Cistern Tank 02 | F23: 140.1 | G23: Blend Tank 02 | H23: 86710 | I23: Rye Bourbon | J23: RSP 75-21-00-04 | K23: 124.9 | L23: 7.53 | M23: =(H23/L23) -> 11515.272 | N23: =(M23*(K23/100)) -> 14382.575 | O23: =H23/L23 -> 11515.272 | P23: ISC | Q23: RC-53 | R23: 217 | T23: =(N23-V23)/R23 -> 66.279148 | U23: =(O23-V23)/R23 -> 53.065771 | AC23: WHK_WHSE_01
B24: 45504 | C24: RSP 75-21-00-04 | D24: 24G31B.01 | E24: Cistern Tank 02 | F24: 140.09 | G24: Blend Tank 01 | H24: 83045 | I24: Rye Bourbon | J24: RSP 75-21-00-04 | K24: 125.01 | L24: 7.49 | M24: =(H24/L24) -> 11087.45 | N24: =(M24*(K24/100)) -> 13860.421 | O24: =H24/L24 -> 11087.45 | P24: ISC | Q24: RC-53 | R24: 205 | T24: =(N24-V24)/R24 -> 67.611811 | U24: =(O24-V24)/R24 -> 54.085122 | AC24: WHK_WHSE_01 | AD24: 71
B25: 45505 | C25: RSP 75-21-00-04 | D25: 24H01A.01 | E25: Cistern Tank 02 | F25: 140.08 | G25: Blend Tank 02 | H25: =90710 -> 90710 | I25: Rye Bourbon | J25: RSP 75-21-00-04 | K25: 124.97 | L25: 7.53 | M25: =(H25/L25) -> 12046.481 | N25: =(M25*(K25/100)) -> 15054.487 | O25: =H25/L25 -> 12046.481 | P25: WVGBC | Q25: RC-53 | R25: 226 | T25: =(N25-V25)/R25 -> 66.612774 | U25: =(O25-V25)/R25 -> 53.303012 | AC25: WHK_WHSE_01
B26: 45505 | C26: RSP 75-21-00-04 | D26: 24H01B.01 | E26: Cistern Tank 01 | F26: 140.07 | G26: Blend Tank 01 | H26: =78705-2850 -> 75855 | I26: Rye Bourbon | J26: RSP 75-21-00-04 | K26: 125 | L26: 7.48 | M26: =(H26/L26) -> 10141.043 | N26: 12692.53 | O26: =H26/L26 -> 10141.043 | P26: WVGBC | Q26: RC-53 | R26: 186 | T26: =(N26-V26)/R26 -> 68.239409 | U26: =(O26-V26)/R26 -> 54.521735 | AC26: WHK_WHSE_01
B27: 45506 | C27: RSP 75-21-00-04 | D27: 24H02A.10 | E27: Cistern Tank 01 | F27: 140.11 | G27: Blend Tank 02 | H27: 11200 | I27: Rye Bourbon | J27: RSP 75-21-00-04 | K27: 125 | L27: 7.48 | M27: =(H27/L27) -> 1497.3262 | N27: 1873.39 | O27: =H27/L27 -> 1497.3262 | P27: WVGBC | Q27: RC-53 | R27: 28 | T27: =(N27-V27)/R27 -> 66.906786 | U27: =(O27-V27)/R27 -> 53.475936 | AC27: WHK_WHSE_01
B28: 45506 | C28: RSP 75-21-00-04 | D28: 24H02A.01 | E28: Cistern Tank 01 | F28: 140.08 | G28: Blend Tank 01 | H28: 82770 | I28: Rye Bourbon | J28: RSP 75-21-00-04 | K28: 125 | L28: 7.48 | M28: =(H28/L28) -> 11065.508 | N28: 13845.16 | O28: =H28/L28 -> 11065.508 | P28: ISC | Q28: RC-53 | R28: 214 | T28: =(N28-V28)/R28 -> 64.697009 | U28: =(O28-V28)/R28 -> 51.707981 | AC28: WHK_WHSE_01
B29: 45506 | C29: RSP 75-21-00-04 | D29: 24H02B.01 | E29: Cistern Tank 01 | F29: 140.07 | G29: Blend Tank 02 | H29: 84250 | I29: Rye Bourbon | J29: RSP 75-21-00-04 | K29: 124.94 | L29: 7.53 | M29: =(H29/L29) -> 11188.579 | N29: =(M29*(K29/100)) -> 13979.011 | O29: =H29/L29 -> 11188.579 | P29: ISC | Q29: RC-53 | R29: 210 | T29: =(N29-V29)/R29 -> 66.566717 | U29: =(O29-V29)/R29 -> 53.278948 | AC29: WHK_WHSE_01
B30: 45506 | C30: RSP 75-21-00-04 | D30: 24H02C.01 | E30: Cistern Tank 01 | F30: 140.07 | G30: Blend Tank 01 | H30: 46635 | I30: Rye Bourbon | J30: RSP 75-21-00-04 | K30: 125 | L30: 7.46 | M30: =(H30/L30) -> 6251.3405 | N30: 7822.3 | O30: =H30/L30 -> 6251.3405 | P30: ISC | Q30: RC-53 | R30: 118 | T30: =(N30-V30)/R30 -> 66.290678 | U30: =(O30-V30)/R30 -> 52.977462 | AC30: WHK_WHSE_01
B31: 45509 | C31: RSP 75-21-00-04 | D31: 24H05A.10 | E31: Cistern Tank 01 | F31: 140.35 | G31: Blend Tank 01 | H31: =86105-430 -> 85675 | I31: Rye Bourbon | J31: RSP 75-21-00-04 | K31: 124.95 | L31: 7.53 | M31: =(H31/L31) -> 11377.822 | N31: =(M31*(K31/100)) -> 14216.589 | O31: =H31/L31 -> 11377.822 | P31: ISC | Q31: RC-53 | R31: 215 | T31: =(N31-V31)/R31 -> 66.123668 | U31: =(O31-V31)/R31 -> 52.920103 | AC31: WHK_WHSE_01
B32: 45509 | C32: RSP 75-21-00-04 | D32: 24H05B.10 | E32: Cistern Tank 01 | F32: 140.3 | G32: Blend Tank 02 | H32: 86740 | I32: Rye Bourbon | J32: RSP 75-21-00-04 | K32: 124.9 | L32: 7.54 | M32: =(H32/L32) -> 11503.979 | N32: =(M32*(K32/100)) -> 14368.469 | O32: =H32/L32 -> 11503.979 | P32: ISC | Q32: RC-53 | R32: 216 | T32: =(N32-V32)/R32 -> 66.520692 | U32: =(O32-V32)/R32 -> 53.259161 | AC32: WHK_WHSE_01
B33: 45509 | C33: RSP 75-21-00-04 | D33: 24H05C.10 | E33: Cistern Tank 01 | F33: 140.29 | G33: Blend Tank 01 | H33: =400*40 -> 16000 | I33: Rye Bourbon | J33: RSP 75-21-00-04 | K33: 125 | L33: 7.54 | M33: =(H33/L33) -> 2122.0159 | N33: 2654.43 | O33: =H33/L33 -> 2122.0159 | P33: ISC | Q33: RC-53 | R33: 41 | T33: =(N33-V33)/R33 -> 64.742195 | U33: =(O33-V33)/R33 -> 51.756486 | AC33: WHK_WHSE_01
B34: 45510 | C34: RSP 75-21-00-04 | D34: 24H06A.01 | E34: Cistern Tank 01 | F34: 140.15 | G34: Blend Tank 01 | H34: 90240 | I34: Rye Bourbon | J34: RSP 75-21-00-04 | K34: 125 | L34: 7.538 | M34: =(H34/L34) -> 11971.345 | N34: 14970.17 | O34: =H34/L34 -> 11971.345 | P34: WVGBC | Q34: RC-53 | R34: 229 | T34: =(N34-V34)/R34 -> 65.371921 | U34: =(O34-V34)/R34 -> 52.276617 | AC34: WHK_WHSE_01
B35: 45510 | C35: RSP 75-21-00-04 | D35: 24H06B.10 | E35: Cistern Tank 01 | F35: 140.15 | G35: Blend Tank 02 | H35: =90595-20 -> 90575 | I35: Rye Bourbon | J35: RSP 75-21-00-04 | K35: 124.76 | L35: 7.539 | M35: =(H35/L35) -> 12014.193 | N35: =(M35*(K35/100)) -> 14988.907 | O35: =H35/L35 -> 12014.193 | P35: ISC | Q35: RC-53 | R35: 234 | S35: =SUM(R22:R24,R25:R36) -> 2623 | T35: =(N35-V35)/R35 -> 64.055158 | U35: =(O35-V35)/R35 -> 51.342705 | AC35: WHK_WHSE_01
B36: 45511 | C36: RSP 75-21-00-04 | D36: 24H07A.10 | E36: Cistern Tank 02 | G36: Cistern Tank 02 | H36: 82355 | I36: Rye Bourbon | J36: RSP 75-21-00-04 | K36: 125 | L36: 7.54 | M36: =(H36/L36)-5726.31 -> 5196.1038 | N36: 6499.81 | O36: =H36/L36-5726.31 -> 5196.1038 | P36: ISC | Q36: RC-53 | R36: 97 | T36: =(N36-V36)/R36 -> 67.008351 | U36: =(O36-V36)/R36 -> 53.56808 | AC36: WHK_WHSE_01
B37: 45511 | C37: JBM 75-21-00-04 | D37: 24H07B.10 | E37: Cistern Tank 01 | G37: Blend Tank 02 | H37: 87655 | I37: Rye Bourbon | J37: JBM 75-21-00-04 | K37: 119.96 | L37: 7.59 | M37: =(H37/L37) -> 11548.748 | N37: =(M37*(K37/100)) -> 13853.879 | O37: =H37/L37 -> 11548.748 | P37: ISC | Q37: RC-53 | R37: 225 | S37: x | T37: =(N37-V37)/R37 -> 61.572793 | U37: =(O37-V37)/R37 -> 51.32777 | AC37: WHK_WHSE_01
B38: 45512 | C38: JBM 75-21-00-04 | D38: 24H08A.10 | E38: Cistern Tank 02 | G38: Blend Tank 01 | H38: 83910 | I38: Rye Bourbon | J38: JBM 75-21-00-04 | K38: 120.02 | L38: 7.59 | M38: =(H38/L38) -> 11055.336 | N38: =(M38*(K38/100)) -> 13268.614 | O38: =H38/L38 -> 11055.336 | P38: ISC | Q38: RC-53 | R38: 210 | S38: x | T38: =(N38-V38)/R38 -> 63.183877 | U38: =(O38-V38)/R38 -> 52.644457 | AC38: WHK_WHSE_01
B39: 45512 | C39: JBM 75-21-00-04 | D39: 24H08B.10 | E39: Cistern Tank 02 | G39: Blend Tank 02 | H39: 84020 | I39: Rye Bourbon | J39: JBM 75-21-00-04 | K39: 120.17 | L39: 7.58 | M39: =(H39/L39) -> 11084.433 | N39: =(M39*(K39/100)) -> 13320.163 | O39: =H39/L39 -> 11084.433 | P39: ISC | Q39: RC-53 | R39: 209 | S39: x | T39: =(N39-V39)/R39 -> 63.732836 | U39: =(O39-V39)/R39 -> 53.035563 | AC39: WHK_WHSE_01
B40: 45513 | C40: JBM 75-21-00-04 | D40: 24H09A.10 | E40: Cistern Tank 02 | G40: Blend Tank 01 | H40: 85240 | I40: Rye Bourbon | J40: JBM 75-21-00-04 | K40: 119.84 | L40: 7.59 | M40: =(H40/L40) -> 11230.567 | N40: =(M40*(K40/100)) -> 13458.711 | O40: =H40/L40 -> 11230.567 | P40: ISC | Q40: RC-53 | R40: 214 | S40: x | T40: =(N40-V40)/R40 -> 62.891173 | U40: =(O40-V40)/R40 -> 52.479283 | AC40: WHK_WHSE_01
B41: 45513 | C41: JBM 75-21-00-04 | D41: 24H09B.10 | E41: Cistern Tank 02 | G41: Blend Tank 02 | H41: 84300 | I41: Rye Bourbon | J41: JBM 75-21-00-04 | K41: 119.72 | L41: 7.587 | M41: =(H41/L41) -> 11111.111 | N41: =(M41*(K41/100)) -> 13302.222 | O41: =H41/L41 -> 11111.111 | P41: ISC | Q41: RC-53 | R41: 208 | S41: x | T41: =(N41-V41)/R41 -> 63.952991 | U41: =(O41-V41)/R41 -> 53.418803 | AC41: WHK_WHSE_01
B42: 45516 | C42: JBM 75-21-00-04 | D42: 24H12A.10 | E42: Cistern Tank 01 | F42: 140.75 | G42: Blend Tank 02 | H42: 90245 | I42: Rye Bourbon | J42: JBM 75-21-00-04 | K42: 120.08 | L42: 7.585 | M42: =(H42/L42) -> 11897.825 | N42: =(M42*(K42/100)) -> 14286.908 | O42: =H42/L42 -> 11897.825 | P42: ISC | Q42: RC-53 | R42: 234 | S42: x | T42: =(N42-V42)/R42 -> 61.055162 | U42: =(O42-V42)/R42 -> 50.845405 | AC42: WHK_WHSE_01
B43: 45516 | C43: JBM 75-21-00-04 | D43: 24H12B.10 | E43: Cistern Tank 01 | F43: 141.28 | G43: Blend Tank 01 | H43: 89935 | I43: Rye Bourbon | J43: JBM 75-21-00-04 | K43: 119.78 | L43: 7.588 | M43: =(H43/L43) -> 11852.267 | N43: =(M43*(K43/100)) -> 14196.645 | O43: =H43/L43 -> 11852.267 | P43: ISC | Q43: RC-53 | R43: 224 | S43: x | T43: =(N43-V43)/R43 -> 63.37788 | U43: =(O43-V43)/R43 -> 52.911905 | AC43: WHK_WHSE_01
B44: 45517 | C44: JBM 75-21-00-04 | D44: 24H13A.10 | E44: Cistern Tank 01 | G44: Blend Tank 02 | H44: =86335-670 -> 85665 | I44: Rye Bourbon | J44: JBM 75-21-00-04 | K44: 120.05 | L44: 7.585 | M44: =(H44/L44) -> 11294.001 | N44: =(M44*(K44/100)) -> 13558.449 | O44: =H44/L44 -> 11294.001 | P44: ISC | Q44: RC-53 | R44: 211 | S44: x | T44: =(N44-V44)/R44 -> 64.25805 | U44: =(O44-V44)/R44 -> 53.526073 | AC44: WHK_WHSE_01
B45: 45517 | C45: JBM 75-21-00-04 | D45: 24H13B.01 | E45: Cistern Tank 01 | G45: Blend Tank 01 | H45: 86385 | I45: Rye Bourbon | J45: JBM 75-21-00-04 | K45: 119.87 | L45: 7.587 | M45: =(H45/L45) -> 11385.923 | N45: =(M45*(K45/100)) -> 13648.306 | O45: =H45/L45 -> 11385.923 | P45: WVBC | Q45: RC-53 | R45: 216 | S45: x | T45: =(N45-V45)/R45 -> 63.186603 | U45: =(O45-V45)/R45 -> 52.712608 | AC45: WHK_WHSE_01
B46: 45517 | C46: JBM 75-21-00-04 | D46: 24H13C.01 | E46: Cistern Tank 01 | G46: Blend Tank 02 | H46: =(22*400) -> 8800 | I46: Rye Bourbon | J46: JBM 75-21-00-04 | K46: 120.07 | L46: 7.585 | M46: =(H46/L46) -> 1160.1846 | N46: =(M46*(K46/100)) -> 1393.0336 | O46: =H46/L46 -> 1160.1846 | P46: WVBC | Q46: RC-53 | R46: 22 | S46: x | T46: =(N46-V46)/R46 -> 63.31971 | U46: =(O46-V46)/R46 -> 52.735662 | AC46: WHK_WHSE_01
B47: 45518 | C47: JBM 75-21-00-04 | D47: 24H14A.01 | E47: Cistern Tank 01 | G47: Blend Tank 02 | H47: 86690 | I47: Rye Bourbon | J47: JBM 75-21-00-04 | K47: 120.07 | L47: 7.585 | M47: =(H47/L47) -> 11429.136 | N47: =(M47*(K47/100)) -> 13722.964 | O47: =H47/L47 -> 11429.136 | P47: WVBC | Q47: RC-53 | R47: 217 | S47: x | T47: =(N47-V47)/R47 -> 63.239466 | U47: =(O47-V47)/R47 -> 52.668832 | AC47: WHK_WHSE_01
B48: 45518 | C48: JBM 75-21-00-04 | D48: 24H14B.10 | E48: Cistern Tank 01 | G48: Blend Tank 01 | H48: 73465 | I48: Rye Bourbon | J48: JBM 75-21-00-04 | K48: 119.87 | L48: 7.5871 | M48: =(H48/L48) -> 9682.8828 | N48: =(M48*(K48/100)) -> 11606.872 | O48: =H48/L48 -> 9682.8828 | P48: ISC | Q48: RC-53 | R48: 180 | S48: x | T48: =(N48-V48)/R48 -> 64.48262 | U48: =(O48-V48)/R48 -> 53.793793 | AC48: WHK_WHSE_01
B49: 45519 | C49: JBM 75-21-00-04 | D49: 24H15A.10 | E49: Cistern Tank 01 | G49: Blend Tank 02 | H49: 90900 | I49: Rye Bourbon | J49: JBM 75-21-00-04 | K49: 120.22 | L49: 7.58 | M49: =(H49/L49) -> 11992.084 | N49: =(M49*(K49/100)) -> 14416.884 | O49: =H49/L49 -> 11992.084 | P49: ISC | Q49: RC-53 | R49: 235 | S49: x | T49: =(N49-V49)/R49 -> 61.348442 | U49: =(O49-V49)/R49 -> 51.030147 | AC49: WHK_WHSE_01
B50: 45520 | C50: JBM 75-21-00-04 | D50: 24H16A.10 | E50: Cistern Tank 01 | G50: Blend Tank 01 | H50: 84855 | I50: Rye Bourbon | J50: JBM 75-21-00-04 | K50: 120.06 | L50: 7.585 | M50: =(H50/L50) -> 11187.212 | N50: =(M50*(K50/100)) -> 13431.366 | O50: =H50/L50 -> 11187.212 | P50: ISC | Q50: RC-53 | R50: 210 | S50: x | T50: =(N50-V50)/R50 -> 63.958887 | U50: =(O50-V50)/R50 -> 53.272436 | AC50: WHK_WHSE_01
B51: 45520 | C51: JBM 75-21-00-04 | D51: 24H16B.10 | E51: Cistern Tank 01 | G51: Blend Tank 02 | H51: 83575 | I51: Rye Bourbon | J51: JBM 75-21-00-04 | K51: 119.96 | L51: 7.586 | M51: =(H51/L51) -> 11017.005 | N51: =(M51*(K51/100)) -> 13215.999 | O51: =H51/L51 -> 11017.005 | P51: ISC | Q51: RC-53 | R51: 210 | S51: x | T51: =(N51-V51)/R51 -> 62.93333 | U51: =(O51-V51)/R51 -> 52.461929 | AC51: WHK_WHSE_01
B52: 45520 | C52: JBM 75-21-00-04 | D52: 24H16C.10 | E52: Cistern Tank 01 | G52: Blend Tank 01 | H52: =82555-(39755) -> 42800 | I52: Rye Bourbon | J52: JBM 75-21-00-04 | K52: 120.03 | L52: 7.5857 | M52: =(H52/L52) -> 5642.1952 | N52: =(M52*(K52/100)) -> 6772.3269 | O52: =H52/L52 -> 5642.1952 | P52: ISC | Q52: RC-53 | R52: 107 | S52: x | T52: =(N52-V52)/R52 -> 63.292775 | U52: =(O52-V52)/R52 -> 52.730796 | AC52: WHK_WHSE_01
B53: 45511 | C53: JBM 75-21-00-04 | D53: 24H07A.10 | E53: Cistern Tank 02 | G53: Cistern Tank 02 | H53: 43470 | I53: Rye Bourbon | J53: RSP 75-21-00-04 | K53: 125.09 | L53: 7.54 | M53: 5726.32 | N53: =(M53*(K53/100)) -> 7163.0537 | O53: =H53/L53 -> 5765.252 | P53: ISC | Q53: RC-53 | R53: 108 | S53: x | T53: =(N53-V53)/R53 -> 66.324571 | U53: =(O53-V53)/R53 -> 53.381963 | AC53: WHK_WHSE_01
B54: 45520 | C54: ULP 75-21-00-04 | D54: 24H16D.10 | E54: Cistern Tank 02 | G54: Blend Tank 02 | H54: =78955-21755 -> 57200 | I54: Rye Bourbon | J54: ULP 75-21-00-04 | K54: 125 | L54: 7.53656 | M54: =(H54/L54) -> 7589.6696 | N54: 9503.78 | O54: =H54/L54 -> 7589.6696 | P54: ISC | Q54: RC-53 | R54: 143 | S54: X | T54: =(N54-V54)/R54 -> 66.46 | U54: =(O54-V54)/R54 -> 53.074612 | AC54: WHK_WHSE_01
B55: 45523 | C55: ULP 75-21-00-04 | D55: 24H19A.10 | E55: Select Tank | G55: Distillate Tanks | H55: 86820 | I55: Rye Bourbon | J55: ULP 75-21-00-04 | K55: 125 | L55: 7.5377 | M55: =(H55/L55) -> 11518.102 | N55: 14409.15 | O55: =H55/L55 -> 11518.102 | P55: ISC | Q55: RC-53 | R55: 216 | S55: X | T55: =(N55-V55)/R55 -> 66.709028 | U55: =(O55-V55)/R55 -> 53.324548 | AC55: WHK_WHSE_01
B56: 45523 | C56: ULP 75-21-00-04 | D56: 24H19B.10 | E56: Select Tank | G56: Distillate Tanks | H56: 85870 | I56: Rye Bourbon | J56: ULP 75-21-00-04 | K56: 124.98 | L56: 7.5388 | M56: =(H56/L56) -> 11390.407 | N56: =(M56*(K56/100)) -> 14235.731 | O56: =H56/L56 -> 11390.407 | P56: ISC | Q56: RC-53 | R56: 219 | S56: X | T56: =(N56-V56)/R56 -> 65.003336 | U56: =(O56-V56)/R56 -> 52.010991 | AC56: WHK_WHSE_01
B57: 45524 | C57: ULP 75-21-00-04 | D57: 24H20A.10 | E57: Select Tank | G57: Distillate Tanks | H57: 82930 | I57: Rye Bourbon | J57: ULP 75-21-00-04 | K57: 124.98 | L57: 7.5389 | M57: =(H57/L57) -> 11000.279 | N57: =(M57*(K57/100)) -> 13748.148 | O57: =H57/L57 -> 11000.279 | P57: ISC | Q57: RC-53 | R57: 206 | S57: X | T57: =(N57-V57)/R57 -> 66.738583 | U57: =(O57-V57)/R57 -> 53.39941 | AC57: WHK_WHSE_01
B58: 45524 | C58: ULP 75-21-00-04 | D58: 24H20B.10 | E58: Select Tank | G58: Distillate Tanks | H58: 87830 | I58: Rye Bourbon | J58: ULP 75-21-00-04 | K58: 125 | L58: 7.53597 | M58: =(H58/L58) -> 11654.77 | N58: 14601.1 | O58: =H58/L58 -> 11654.77 | P58: ISC | Q58: RC-53 | R58: 227 | S58: X | T58: =(N58-V58)/R58 -> 64.322026 | U58: =(O58-V58)/R58 -> 51.342601 | AC58: WHK_WHSE_01
B59: 45524 | C59: ULP 75-21-00-04 | D59: 24H20C.10 | E59: Select Tank | G59: Distillate Tanks | H59: 86170 | I59: Rye Bourbon | J59: ULP 75-21-00-04 | K59: 124.98 | L59: 7.53597 | M59: =(H59/L59) -> 11434.494 | N59: =(M59*(K59/100)) -> 14290.83 | O59: =H59/L59 -> 11434.494 | P59: ISC | Q59: RC-53 | R59: 214 | S59: X | T59: =(N59-V59)/R59 -> 66.779579 | U59: =(O59-V59)/R59 -> 53.432213 | AC59: WHK_WHSE_01
B60: 45525 | C60: ULP 75-21-00-04 | D60: 24H21A.01 | E60: Select Tank | G60: Distillate Tanks | H60: 89680 | I60: Rye Bourbon | J60: ULP 75-21-00-04 | K60: 124.9 | L60: 7.5397 | M60: =(H60/L60) -> 11894.372 | N60: =(M60*(K60/100)) -> 14856.071 | O60: =H60/L60 -> 11894.372 | P60: WVBC | Q60: RC-53 | R60: 222 | S60: X | T60: =(N60-V60)/R60 -> 66.91924 | U60: =(O60-V60)/R60 -> 53.578254 | AC60: WHK_WHSE_01
B61: 45525 | C61: ULP 75-21-00-04 | D61: 24H21B.01 | E61: Select Tank | G61: Distillate Tanks | H61: =84530-(70*396.85446) -> 56750.188 | I61: Rye Bourbon | J61: ULP 75-21-00-04 | K61: 125 | L61: 7.53649 | M61: =(H61/L61) -> 7530.0555 | N61: 9429.89 | O61: =H61/L61 -> 7530.0555 | P61: WVBC | Q61: RC-53 | R61: 143 | S61: X | T61: =(N61-V61)/R61 -> 65.943287 | U61: =(O61-V61)/R61 -> 52.657731 | AC61: WHK_WHSE_01
B62: 45526 | C62: MHS 75-21-00-04 | D62: 24H22A.01 | E62: Select Tank | G62: Distillate Tanks | H62: 87420 | I62: Rye Bourbon | J62: MHS 75-21-00-04 | K62: 120.03 | L62: 7.58154 | M62: =(H62/L62) -> 11530.639 | N62: =(M62*(K62/100)) -> 13840.226 | O62: =H62/L62 -> 11530.639 | P62: WVBC | Q62: RC-53 | R62: 215 | S62: X | T62: =(N62-V62)/R62 -> 64.373144 | U62: =(O62-V62)/R62 -> 53.630879 | AC62: WHK_WHSE_01
B63: 45526 | C63: MHS 75-21-00-04 | D63: 24H22B.01 | E63: Select Tank | G63: Distillate Tanks | H63: 84360 | I63: Rye Bourbon | J63: MHS 75-21-00-04 | K63: 119.71 | L63: 7.5887 | M63: =(H63/L63) -> 11116.529 | N63: =(M63*(K63/100)) -> 13307.596 | O63: =H63/L63 -> 11116.529 | P63: WVBC | Q63: RC-53 | R63: 211 | S63: X | T63: =(N63-V63)/R63 -> 63.069177 | U63: =(O63-V63)/R63 -> 52.684969 | AC63: WHK_WHSE_01
B64: 45527 | C64: MHS 75-21-00-04 | D64: 24H23A.1 | E64: Select Tank | G64: Distillate Tanks | H64: =(400*95) -> 38000 | I64: Rye Bourbon | J64: MHS 75-21-00-04 | K64: 120.28 | L64: 7.58329 | M64: =(H64/L64) -> 5011.0176 | N64: =(M64*(K64/100)) -> 6027.252 | O64: =H64/L64 -> 5011.0176 | P64: ISC | Q64: RC-53 | R64: 95 | S64: X | T64: =(N64-V64)/R64 -> 63.444758 | U64: =(O64-V64)/R64 -> 52.747554 | AC64: WHK_WHSE_01
B65: 45527 | C65: LQD 75-21-00-04 | D65: 24H23B | E65: Select Tank | G65: Distillate Tanks | H65: =86510-(400*95) -> 48510 | I65: Rye Bourbon | J65: LQD 75-21-00-04 | K65: 120.28 | L65: 7.58329 | M65: =(H65/L65) -> 6396.9596 | N65: =(M65*(K65/100)) -> 7694.263 | O65: =H65/L65 -> 6396.9596 | P65: ISC | Q65: RC-53 | R65: 119 | S65: X | T65: =(N65-V65)/R65 -> 64.657673 | U65: =(O65-V65)/R65 -> 53.755963 | AC65: WHK_WHSE_01
B66: 45527 | C66: LQD 75-21-00-04 | D66: 24H23C | E66: Select Tank | G66: Distillate Tanks | H66: 88570 | I66: Rye Bourbon | J66: LQD 75-21-00-04 | K66: 120.12 | L66: 7.5848 | M66: =(H66/L66) -> 11677.302 | N66: =(M66*(K66/100)) -> 14026.775 | O66: =H66/L66 -> 11677.302 | P66: ISC | Q66: RC-53 | R66: 228 | S66: X | T66: =(N66-V66)/R66 -> 61.520944 | U66: =(O66-V66)/R66 -> 51.216237 | AC66: WHK_WHSE_01
B67: 45530 | C67: LQD 75-21-00-04 | D67: 24H26A | E67: Cistern Tank 02 | G67: Blend Tank 02 | H67: 33990 | I67: Rye Bourbon | J67: LQD 75-21-00-04 | K67: 120.09 | L67: 7.58329 | M67: =(H67/L67) -> 4482.2234 | N67: =(M67*(K67/100)) -> 5382.7021 | O67: =H67/L67 -> 4482.2234 | P67: ISC | Q67: RC-53 | R67: 84 | S67: X | T67: =(N67-V67)/R67 -> 64.079787 | U67: =(O67-V67)/R67 -> 53.359803 | AC67: WHK_WHSE_01
B68: 45530 | C68: LQD 75-21-00-04 | D68: 24H26B | E68: Cistern Tank 02 | G68: Blend Tank 01 | H68: 91110 | I68: Rye Bourbon | J68: LQD 75-21-00-04 | K68: 120.24 | L68: 7.58329 | M68: =(H68/L68) -> 12014.574 | N68: =(M68*(K68/100)) -> 14446.324 | O68: =H68/L68 -> 12014.574 | P68: ISC | Q68: RC-53 | R68: 227 | S68: X | T68: =(N68-V68)/R68 -> 63.640194 | U68: =(O68-V68)/R68 -> 52.927639 | AC68: WHK_WHSE_01
B69: 45531 | C69: WCL 75-15-00-10 | D69: 24H27A | E69: Select Tank | G69: Distillate Tanks | H69: 83710 | I69: Rye Bourbon | J69: WCL 75-15-00-10 | K69: 119.98 | L69: 7.58611 | M69: =(H69/L69) -> 11034.641 | N69: =(M69*(K69/100)) -> 13239.362 | O69: =H69/L69 -> 11034.641 | P69: ISC | Q69: RC-53 | R69: 208 | S69: X | T69: =(N69-V69)/R69 -> 63.65078 | U69: =(O69-V69)/R69 -> 53.051158 | AC69: WHK_WHSE_01
B70: 45531 | C70: WCL 75-15-00-10 | D70: 24H27B | E70: Cistern Tank 01 | G70: Cistern Tank 01 | H70: =402.5*404 -> 162610 | I70: Rye Bourbon | J70: WCL 75-15-00-10 | K70: 119.77 | L70: 7.5881 | M70: =(H70/L70) -> 21429.607 | N70: =(M70*(K70/100)) -> 25666.24 | O70: =H70/L70 -> 21429.607 | P70: ISC | Q70: RC-53 | R70: 404 | S70: X | T70: =(N70-V70)/R70 -> 63.530297 | U70: =(O70-V70)/R70 -> 53.043581 | AC70: WHK_WHSE_01
B71: 45532 | C71: WCL 75-15-00-10 | D71: 24H28A | E71: Cistern Tank 01 | G71: Cistern Tank 01 | H71: 26170 | I71: Rye Bourbon | J71: WCL 75-15-00-10 | K71: 119.82 | L71: 7.5881 | M71: =(H71/L71) -> 3448.8212 | N71: =(M71*(K71/100)) -> 4132.3775 | O71: =H71/L71 -> 3448.8212 | P71: ISC | Q71: RC-53 | R71: 65 | S71: X | T71: =(N71-V71)/R71 -> 63.575039 | U71: =(O71-V71)/R71 -> 53.058787 | AC71: WHK_WHSE_01
B72: 45533 | C72: WCL 75-15-00-10 | D72: 24H29D | H72: =402.45*180 -> 72441 | I72: Rye Bourbon | J72: WCL 75-15-00-10 | K72: 119.98 | L72: =0.909027*8.3454 -> 7.5861939 | M72: =(H72/L72) -> 9549.0572 | N72: =(M72*(K72/100)) -> 11456.959 | O72: =H72/L72 -> 9549.0572 | P72: ISC | Q72: RC-53 | R72: 180 | S72: X | T72: =(N72-V72)/R72 -> 63.649772 | U72: =(O72-V72)/R72 -> 53.050318 | AC72: WHK_WHSE_01
B73: 45534 | C73: WCL 75-15-00-10 | D73: 24H30B | H73: =402.5*193 -> 77682.5 | I73: Rye Bourbon | J73: WCL 75-15-00-10 | K73: 119.83 | L73: 7.587 | M73: =(H73/L73) -> 10238.895 | N73: =(M73*(K73/100)) -> 12269.268 | O73: =H73/L73 -> 10238.895 | P73: ISC | Q73: RC-53 | R73: 192 | S73: X | T73: =(N73-V73)/R73 -> 63.90244 | U73: =(O73-V73)/R73 -> 53.327581 | AC73: WHK_WHSE_01
B74: 45532 | C74: HNW 51-39-00-10 | D74: 24H28B | E74: Blend Tank 02 | G74: Distillate Tanks | H74: 80900 | I74: Rye Bourbon | J74: HNW 51-39-00-10 | K74: 119.82 | L74: 7.58761 | M74: =(H74/L74) -> 10662.119 | N74: =(M74*(K74/100)) -> 12775.351 | O74: =H74/L74 -> 10662.119 | P74: ISC-Coop select | Q74: RC-53 | R74: 201 | S74: X | T74: =(N74-V74)/R74 -> 63.55896 | U74: =(O74-V74)/R74 -> 53.045368 | AC74: WHK_WHSE_01
B75: 45532 | C75: HNW 51-39-00-10 | D75: 24H28C | E75: Blend Tank 01 | G75: Distillate Tanks | H75: =402.5*130 -> 52325 | I75: Rye Bourbon | J75: HNW 51-39-00-10 | K75: 120.26 | L75: =0.908713*8.3454 -> 7.5835735 | M75: =(H75/L75) -> 6899.7815 | N75: =(M75*(K75/100)) -> 8297.6772 | O75: =H75/L75 -> 6899.7815 | P75: ISC-Coop select | Q75: RC-53 | R75: 131 | S75: X | T75: =(N75-V75)/R75 -> 63.341048 | U75: =(O75-V75)/R75 -> 52.670088 | AC75: WHK_WHSE_01
B76: 45533 | C76: HNW 51-39-00-10 | D76: 24H29A | E76: Select Tank | G76: Distillate Tanks | H76: =84290-(402.5*41) -> 67787.5 | I76: Rye Bourbon | J76: HNW 51-39-00-10 | K76: 119.96 | L76: =0.90908*8.3454 -> 7.5866362 | M76: =(H76/L76) -> 8935.1193 | N76: =(M76*(K76/100)) -> 10718.569 | O76: =H76/L76 -> 8935.1193 | P76: ISC-Coop select | Q76: RC-53 | R76: 168 | S76: X | T76: =(N76-V76)/R76 -> 63.801007 | U76: =(O76-V76)/R76 -> 53.185234 | AC76: WHK_WHSE_01
B77: 45534 | C77: BHK 60-40-00-00 | D77: 24H30A | G77: Distillate Tanks | H77: 44380 | I77: Rye Bourbon | J77: BHK 60-40-00-00 | K77: 110.22 | L77: 7.674555 | M77: =(H77/L77) -> 5782.7457 | N77: =(M77*(K77/100)) -> 6373.7423 | O77: =H77/L77 -> 5782.7457 | P77: ISC | Q77: RC-53 | R77: 108 | S77: X | T77: =(N77-V77)/R77 -> 59.016133 | U77: =(O77-V77)/R77 -> 53.543942 | AC77: WHK_WHSE_01
B78: 45534 | C78: BHK 00-95-00-05 | D78: 24H30D | G78: Distillate Tanks | H78: =46495-404.30434 -> 46090.696 | I78: Rye Whiskey | J78: BHK 00-95-00-05 | K78: 110.11 | L78: =0.919726*8.3454 -> 7.6754814 | M78: =(H78/L78) -> 6004.9257 | N78: =(M78*(K78/100)) -> 6612.0237 | O78: =H78/L78 -> 6004.9257 | P78: ISC | Q78: RC-53 | R78: 114 | S78: X | T78: =(N78-V78)/R78 -> 58.000208 | U78: =(O78-V78)/R78 -> 52.674787 | AC78: WHK_WHSE_01
B79: 45525 | C79: WHK 75-21-00-04 | D79: 24H21B | H79: =84530-(145*396.85446) -> 26986.103 | I79: Rye Bourbon | J79: WHK 75-21-00-04 | K79: 125 | L79: 7.53649 | M79: =(H79/L79) -> 3580.7257 | N79: 4616.72 | O79: =H79/L79 -> 3580.7257 | P79: WVBC | Q79: RC-53 | R79: 68 | S79: X | T79: =(N79-V79)/R79 -> 67.892941 | U79: =(O79-V79)/R79 -> 52.657731
B80: 45533 | C80: WHK 51-39-00-10 | D80: 24H29B | G80: Distillate Tanks | H80: =41*402.5 -> 16502.5 | I80: Rye Bourbon | J80: WHK 51-39-00-10 | K80: 119.96 | L80: =0.90908*8.3454 -> 7.5866362 | M80: =(H80/L80) -> 2175.2064 | N80: =(M80*(K80/100)) -> 2609.3776 | O80: =H80/L80 -> 2175.2064 | P80: ISC | Q80: RC-53 | R80: 41 | S80: X | T80: =(N80-V80)/R80 -> 63.643357 | U80: =(O80-V80)/R80 -> 53.053816 | AC80: WHK_WHSE_01
B81: 45533 | C81: WHK 51-39-00-10 | D81: 24H29C | G81: Distillate Tanks | H81: 28115 | I81: Rye Bourbon | J81: WHK 51-39-00-10 | K81: 120.24 | L81: =0.908727*8.3454 -> 7.5836903 | M81: =(H81/L81) -> 3707.298 | N81: =(M81*(K81/100)) -> 4457.6551 | O81: =H81/L81 -> 3707.298 | P81: ISC | Q81: RC-53 | R81: 70 | S81: X | T81: =(N81-V81)/R81 -> 63.680788 | U81: =(O81-V81)/R81 -> 52.9614 | AC81: WHK_WHSE_01
B82: 45534 | C82: WHK 75-15-00-10 | D82: 24H30C | H82: =402.5*76 -> 30590 | I82: Rye Bourbon | J82: WHK 75-15-00-10 | K82: 119.83 | L82: 7.59 | M82: =(H82/L82) -> 4030.303 | N82: =(M82*(K82/100)) -> 4829.5121 | O82: =H82/L82 -> 4030.303 | P82: ISC | Q82: RC-53 | R82: 76 | S82: X | T82: =(N82-V82)/R82 -> 63.546212 | U82: =(O82-V82)/R82 -> 53.030303 | AC82: WHK_WHSE_01
B83: 45534 | C83: WHK 00-95-00-05 | D83: 24H30D | H83: 404.30434 | I83: Rye Whiskey | K83: 110.11 | L83: =0.919726*8.3454 -> 7.6754814 | M83: =(H83/L83) -> 52.674786 | N83: =(M83*(K83/100)) -> 58.000207 | O83: =H83/L83 -> 52.674786 | P83: ISC | Q83: RC-53 | R83: 1 | S83: X | T83: =(N83-V83)/R83 -> 58.000207 | U83: =(O83-V83)/R83 -> 52.674786 | AC83: WHK_WHSE_01
B84: 45537 | C84: LQD 75-21-00-04 | D84: 24I02A | G84: Distillate Tanks | H84: =130*402.5 -> 52325 | I84: Rye Bourbon | J84: LQD 75-21-00-04 | K84: 119.93 | L84: =0.90882*8.3454 -> 7.5844664 | M84: =(H84/L84) -> 6898.9692 | N84: =(M84*(K84/100)) -> 8273.9337 | O84: =H84/L84 -> 6898.9692 | P84: ISC | Q84: RC-53 | R84: =211-81 -> 130 | S84: X | T84: =(N84-V84)/R84 -> 63.645644 | U84: =(O84-V84)/R84 -> 53.068994 | AC84: Springfield , KY | AD84: Barrel Transfer to Springfield KY
B85: 45537 | C85: LQD 75-21-00-04 | D85: 24I02B | G85: Distillate Tanks | H85: 85355 | I85: Rye Bourbon | J85: LQD 75-21-00-04 | K85: 120.16 | L85: =0.908821*8.3454 -> 7.5844748 | M85: =(H85/L85) -> 11253.91 | N85: =(M85*(K85/100)) -> 13522.699 | O85: =H85/L85 -> 11253.91 | P85: ISC | Q85: RC-53 | R85: 212 | S85: X | T85: =(N85-V85)/R85 -> 63.786315 | U85: =(O85-V85)/R85 -> 53.084483 | AC85: Springfield , KY | AD85: Barrel Transfer to Springfield KY
B86: 45537 | C86: LQD 60-36-00-04 | D86: 24I02C | G86: Distillate Tanks | H86: 51922.5 | I86: Rye Bourbon | J86: LQD 60-36-00-04 | K86: 119.8 | L86: =0.909227*8.3454 -> 7.587863 | M86: =(H86/L86) -> 6842.8357 | N86: =(M86*(K86/100)) -> 8197.7172 | O86: =H86/L86 -> 6842.8357 | P86: ISC | Q86: RC-53 | R86: 129 | S86: X | T86: =(N86-V86)/R86 -> 63.548195 | U86: =(O86-V86)/R86 -> 53.045238 | AC86: Springfield , KY | AD86: Barrel Transfer to Springfield KY
B87: 45538 | C87: LQD 60-36-00-04 | D87: 24I03A | G87: Distillate Tanks | H87: =402.5*79 -> 31797.5 | I87: Rye Bourbon | J87: LQD 60-36-00-04 | K87: 119.8 | L87: =0.909227*8.3454 -> 7.587863 | M87: =(H87/L87) -> 4190.5738 | N87: =(M87*(K87/100)) -> 5020.3074 | O87: =H87/L87 -> 4190.5738 | P87: ISC | Q87: RC-53 | R87: 79 | S87: X | T87: =(N87-V87)/R87 -> 63.548195 | U87: =(O87-V87)/R87 -> 53.045238 | AC87: Springfield , KY | AD87: Barrel Transfer to Springfield KY
B88: 45538 | C88: LQD 60-36-00-04 | D88: 24I03B | G88: Distillate Tanks | H88: =402.5*205 -> 82512.5 | I88: Rye Bourbon | J88: LQD 60-36-00-04 | K88: 119.96 | L88: 7.586 | M88: =(H88/L88) -> 10876.944 | N88: =(M88*(K88/100)) -> 13047.982 | O88: =H88/L88 -> 10876.944 | P88: WVBC | Q88: RC-53 | R88: 205 | S88: X | T88: =(N88-V88)/R88 -> 63.648695 | U88: =(O88-V88)/R88 -> 53.058265 | AC88: Springfield , KY | AD88: Barrel Transfer to Springfield KY
B89: 45538 | C89: LQD 60-36-00-04 | D89: 24I03C | H89: =87*402.5 -> 35017.5 | I89: Rye Bourbon | J89: LQD 60-36-00-04 | K89: 119.96 | L89: 7.586 | M89: =(H89/L89) -> 4616.0691 | N89: =(M89*(K89/100)) -> 5537.4365 | O89: =H89/L89 -> 4616.0691 | P89: WVBC | Q89: RC-53 | R89: 87 | S89: X | T89: =(N89-V89)/R89 -> 63.648695 | U89: =(O89-V89)/R89 -> 53.058265 | AC89: Springfield , KY | AD89: Barrel Transfer to Springfield KY
B90: 45539 | C90: LQD 60-00-36-04 | D90: 24I04A | G90: Distillate Tanks | H90: =402.5*72 -> 28980 | I90: Wheated Bourbon | J90: LQD 60-00-36-04 | K90: 119.99 | L90: =0.909006*8.3454 -> 7.5860187 | M90: =(H90/L90) -> 3820.1857 | N90: =(M90*(K90/100)) -> 4583.8408 | O90: =H90/L90 -> 3820.1857 | P90: WVBC | Q90: RC-53 | R90: 72 | S90: X | T90: =(N90-V90)/R90 -> 63.664456 | U90: =(O90-V90)/R90 -> 53.058135 | AC90: Springfield , KY | AD90: Barrel Transfer to Springfield KY
B91: 45539 | C91: LQD 60-00-36-04 | D91: 24I04A | G91: Distillate Tanks | H91: =144*402.5 -> 57960 | I91: Wheated Bourbon | J91: LQD 60-00-36-04 | K91: 119.99 | L91: =0.909006*8.3454 -> 7.5860187 | M91: =(H91/L91) -> 7640.3714 | N91: =(M91*(K91/100)) -> 9167.6816 | O91: =H91/L91 -> 7640.3714 | P91: WVBC | Q91: RC-53 | R91: 144 | S91: X | T91: =(N91-V91)/R91 -> 63.664456 | U91: =(O91-V91)/R91 -> 53.058135 | AC91: WHK_WHSE_01
B92: 45539 | C92: LQD 60-00-36-04 | D92: 24I04C | G92: Distillate Tanks | H92: =402.5*148 -> 59570 | I92: Wheated Bourbon | J92: LQD 60-00-36-04 | K92: 120.28 | L92: =0.908685*8.3454 -> 7.5833398 | M92: =(H92/L92) -> 7855.3779 | N92: =(M92*(K92/100)) -> 9448.4486 | O92: =H92/L92 -> 7855.3779 | P92: WVBC | Q92: RC-53 | R92: 148 | S92: X | T92: =(N92-V92)/R92 -> 63.840869 | U92: =(O92-V92)/R92 -> 53.076878 | AC92: WHK_WHSE_01
B93: 45540 | C93: LQD 60-00-36-04 | D93: 24I05A | H93: =402.5*135 -> 54337.5 | I93: Wheated Bourbon | J93: LQD 60-00-36-04 | K93: 120.28 | L93: =0.908685*8.3454 -> 7.5833398 | M93: =(H93/L93) -> 7165.3785 | N93: =(M93*(K93/100)) -> 8618.5173 | O93: =H93/L93 -> 7165.3785 | P93: ISC | Q93: RC-53 | R93: 135 | S93: X | T93: =(N93-V93)/R93 -> 63.840869 | U93: =(O93-V93)/R93 -> 53.076878 | AC93: WHK_WHSE_01
B94: 45540 | C94: LQD 60-00-36-04 | D94: 24I05B | H94: 402.5 | I94: Wheated Bourbon | J94: LQD 60-00-36-04 | K94: 120.28 | L94: =0.908685*8.3454 -> 7.5833398 | M94: =(H94/L94) -> 53.076878 | N94: =(M94*(K94/100)) -> 63.840869 | O94: =H94/L94 -> 53.076878 | P94: ISC | Q94: RC-53 | R94: 1 | S94: X | T94: =(N94-V94)/R94 -> 63.840869 | U94: =(O94-V94)/R94 -> 53.076878 | AC94: WHK_WHSE_01
B95: 45539 | C95: BHK 72-00-18-10 | D95: 24I04B | G95: Distillate Tanks | H95: =(53915*0.1)+53915 -> 59306.5 | I95: Wheated Bourbon | J95: BHK 72-00-18-10 | K95: 110.22 | L95: =0.919614*8.3454 -> 7.6745467 | M95: =(H95/L95) -> 7727.6877 | N95: =(M95*(K95/100)) -> 8517.4574 | O95: =H95/L95 -> 7727.6877 | P95: WVBC | Q95: RC-53 | R95: 144 | S95: X | T95: =(N95-V95)/R95 -> 59.14901 | U95: =(O95-V95)/R95 -> 53.664498 | AC95: WHK_WHSE_01 | AD95: =(SUM(N95))/((2*3*24080)/56) -> 3.3013401
B96: 45540 | C96: ABT 74-00-18-08 | D96: 24I05C | G96: Distillate Tanks | H96: =(78935*0.1)+78935 -> 86828.5 | I96: Wheated Bourbon | J96: ABT 74-00-18-08 | K96: 119.92 | L96: =0.909094*8.3454 -> 7.5867531 | M96: =(H96/L96) -> 11444.751 | N96: =(M96*(K96/100)) -> 13724.545 | O96: =H96/L96 -> 11444.751 | P96: ISC | Q96: RC-53 | R96: 217 | S96: X | T96: =(N96-V96)/R96 -> 63.246753 | U96: =(O96-V96)/R96 -> 52.740788 | AC96: WHK_WHSE_01
B97: 45541 | C97: ABT 74-00-18-08 | D97: 24I06A | G97: Distillate Tanks | H97: =(51660*0.1)+51660 -> 56826 | I97: Wheated Bourbon | J97: ABT 74-00-18-08 | K97: 120.24 | L97: =0.908731*8.3454 -> 7.5837237 | M97: =(H97/L97) -> 7493.1527 | N97: =(M97*(K97/100)) -> 9009.7669 | O97: =H97/L97 -> 7493.1527 | P97: ISC | Q97: RC-53 | R97: 142 | S97: X | T97: =(N97-V97)/R97 -> 63.449062 | U97: =(O97-V97)/R97 -> 52.768681 | AC97: WHK_WHSE_01
B98: 45544 | C98: ABT 74-00-18-08 | D98: 24I09A | G98: Distillate Tanks | H98: =(33520*0.1)+33520 -> 36872 | I98: Wheated Bourbon | J98: ABT 74-00-18-08 | K98: 120.14 | L98: =0.908877*8.3454 -> 7.5849421 | M98: =(H98/L98) -> 4861.2105 | N98: =(M98*(K98/100)) -> 5840.2583 | O98: =H98/L98 -> 4861.2105 | P98: ISC | Q98: RC-53 | R98: 91 | S98: X | T98: =(N98-V98)/R98 -> 64.178662 | U98: =(O98-V98)/R98 -> 53.419895 | AC98: WHK_WHSE_01
B99: 45544 | C99: ABT 70-21-00-09 | D99: 24I09B | G99: Distillate Tanks | H99: =402.5*210 -> 84525 | I99: Rye Bourbon | J99: ABT 70-21-00-09 | K99: 120.11 | L99: =0.908873*8.3454 -> 7.5849087 | M99: =(H99/L99) -> 11143.839 | N99: =(M99*(K99/100)) -> 13384.865 | O99: =H99/L99 -> 11143.839 | P99: ISC | Q99: RC-53 | R99: 210 | S99: X | T99: =(N99-V99)/R99 -> 63.737451 | U99: =(O99-V99)/R99 -> 53.065899 | AC99: WHK_WHSE_01
B100: 45544 | C100: ABT 70-21-00-09 | D100: 24I09C | G100: Distillate Tanks | H100: =402.5*217 -> 87342.5 | I100: Rye Bourbon | J100: ABT 70-21-00-09 | K100: 120.25 | L100: =0.90872*8.3454 -> 7.5836319 | M100: =(H100/L100) -> 11517.239 | N100: =(M100*(K100/100)) -> 13849.48 | O100: =H100/L100 -> 11517.239 | P100: ISC | Q100: RC-53 | R100: 217 | S100: X | T100: =(N100-V100)/R100 -> 63.822487 | U100: =(O100-V100)/R100 -> 53.074834 | AC100: WHK_WHSE_01
...

Sheet Sheet2
B28: 5930
B29: =B28/1.4 -> 4235.7143
B30: =30000/B29 -> 7.0826307

Sheet Sheet1
A1: Date | B1: Customer | C1: Lot | D1: Smell | E1: Taste | F1: Analyst | G1: Comment | H1: Aug 16, steam to 150lbs
A2: 45510 | B2: RSLP | C2: 24H05A | D2: 4 | E2: 4 | F2: Justin | H2: =_xlfn.XLOOKUP(C2,'TTB Reporting'!D:D,'TTB Reporting'!J:J,FALSE) -> FALSE
A3: 45510 | B3: RSLP | C3: 24H05B | D3: 5 | E3: 4 | F3: Justin | H3: =_xlfn.XLOOKUP(C3,'TTB Reporting'!D:D,'TTB Reporting'!J:J,FALSE) -> FALSE
A4: 45510 | B4: RSLP | C4: 24H05C | D4: 5 | E4: 4 | F4: Justin | H4: =_xlfn.XLOOKUP(C4,'TTB Reporting'!D:D,'TTB Reporting'!J:J,FALSE) -> FALSE
A5: 45510 | B5: RSLP | C5: 24H05A | D5: 4 | E5: 4 | F5: Alex | G5: Good Rye Characteristic, Slight meaty smell | H5: =_xlfn.XLOOKUP(C5,'TTB Reporting'!D:D,'TTB Reporting'!J:J,FALSE) -> FALSE
A6: 45510 | B6: RSLP | C6: 24H05B | D6: 5 | E6: 4 | F6: Alex | G6: Slightly Neutral, Good Rye Characteristic | H6: =_xlfn.XLOOKUP(C6,'TTB Reporting'!D:D,'TTB Reporting'!J:J,FALSE) -> FALSE
A7: 45510 | B7: RSLP | C7: 24H05C | D7: 5 | E7: 4 | F7: Alex | G7: Slightly Neutral | H7: =_xlfn.XLOOKUP(C7,'TTB Reporting'!D:D,'TTB Reporting'!J:J,FALSE) -> FALSE
A8: 45511 | B8: RSLP | C8: 24H07A | D8: 5 | E8: 4 | F8: Justin | H8: =_xlfn.XLOOKUP(C8,'TTB Reporting'!D:D,'TTB Reporting'!J:J,FALSE) -> FALSE
A9: 45511 | B9: JBM | C9: 24H07B | D9: 4 | E9: 4 | F9: Justin | G9: Slight light, Very Slightly floral | H9: =_xlfn.XLOOKUP(C9,'TTB Reporting'!D:D,'TTB Reporting'!J:J,FALSE) -> FALSE
A10: 45511 | B10: RSLP | C10: 24H07A | D10: 5 | E10: 5 | F10: Alex | G10: Good complexity | H10: =_xlfn.XLOOKUP(C10,'TTB Reporting'!D:D,'TTB Reporting'!J:J,FALSE) -> FALSE
A11: 45511 | B11: JBM | C11: 24H07B | D11: 4 | E11: 4 | F11: Alex | G11: some vegetal note, thicker mouthfeel | H11: =_xlfn.XLOOKUP(C11,'TTB Reporting'!D:D,'TTB Reporting'!J:J,FALSE) -> FALSE
A12: 45516 | B12: JBM | C12: 24H08B | D12: 4 | E12: 4 | F12: Justin | G12: Slight Heavy smell, Slightly light taste | H12: =_xlfn.XLOOKUP(C12,'TTB Reporting'!D:D,'TTB Reporting'!J:J,FALSE) -> FALSE
A13: 45516 | B13: JBM | C13: 24H09A | D13: 5 | E13: 4 | F13: Justin | G13: Slightly Light all around but smooth/sweet | H13: =_xlfn.XLOOKUP(C13,'TTB Reporting'!D:D,'TTB Reporting'!J:J,FALSE) -> FALSE
A14: 45516 | B14: JBM | C14: 24H09B | D14: 5 | E14: 4 | F14: Justin | G14: Slightly Light all around but smooth/sweet | H14: =_xlfn.XLOOKUP(C14,'TTB Reporting'!D:D,'TTB Reporting'!J:J,FALSE) -> FALSE
A15: 45517 | B15: JBM | C15: 24H12A | D15: 4 | E15: 4 | F15: Justin | G15: Slightly Light, Sweet and creamy, Smooth | H15: =_xlfn.XLOOKUP(C15,'TTB Reporting'!D:D,'TTB Reporting'!J:J,FALSE) -> FALSE
A16: 45517 | B16: JBM | C16: 24H12B | D16: 5 | E16: 4 | F16: Justin | G16: Slightly Light, Sweet and creamy, Smooth | H16: =_xlfn.XLOOKUP(C16,'TTB Reporting'!D:D,'TTB Reporting'!J:J,FALSE) -> FALSE
A17: 45517 | B17: JBM | C17: 24H13A | D17: 5 | E17: 4 | F17: Justin | G17: Slightly Light, Sweet and creamy, Smooth | H17: =_xlfn.XLOOKUP(C17,'TTB Reporting'!D:D,'TTB Reporting'!J:J,FALSE) -> FALSE
A18: 45517 | B18: JBM | C18: 24H13B | D18: 5 | E18: 4 | F18: Justin | G18: Slightly Light, Sweet and creamy, Smooth | H18: =_xlfn.XLOOKUP(C18,'TTB Reporting'!D:D,'TTB Reporting'!J:J,FALSE) -> FALSE
A19: 45518 | B19: JBM | C19: 24H14A | D19: 4 | E19: 4 | F19: Justin | G19: Light, Sweet and Smooth | H19: =_xlfn.XLOOKUP(C19,'TTB Reporting'!D:D,'TTB Reporting'!J:J,FALSE) -> FALSE
A20: 45518 | B20: JBM | C20: 24H14B | D20: 4 | E20: 4 | F20: Justin | G20: Light, Sweet and Smooth | H20: =_xlfn.XLOOKUP(C20,'TTB Reporting'!D:D,'TTB Reporting'!J:J,FALSE) -> FALSE
... A31: 45527 | B31: LQD | C31: 24H23B | D31: 4 | E31: 4 | F31: Alex | G31: slightly AA, slightly bitter, good floral/sweet nose | H31: =_xlfn.XLOOKUP(C31,'TTB Reporting'!D:D,'TTB Reporting'!J:J,FALSE) -> LQD 75-21-00-04
A32: 45527 | B32: LQD | C32: 24H23C | D32: 3 | E32: 3 | F32: Alex | H32: =_xlfn.XLOOKUP(C32,'TTB Reporting'!D:D,'TTB Reporting'!J:J,FALSE) -> LQD 75-21-00-04
A33: 45526 | B33: MHS | C33: 24H22B | D33: 4 | E33: 3 | F33: Justin | G33: Slightly sulfer smell, Slightly bitter | H33: =_xlfn.XLOOKUP(C33,'TTB Reporting'!D:D,'TTB Reporting'!J:J,FALSE) -> FALSE
A34: 45526 | B34: MHS | C34: 24H22A | D34: 4 | E34: 3 | F34: Justin | G34: Slightly sulfer smell, Slightly bitter | H34: =_xlfn.XLOOKUP(C34,'TTB Reporting'!D:D,'TTB Reporting'!J:J,FALSE) -> FALSE
A35: 45527 | B35: MHS | C35: 24H23A | D35: 4 | E35: 3 | F35: Justin | G35: Slightly sulfer smell but lighter, slightly acidic | H35: =_xlfn.XLOOKUP(C35,'TTB Reporting'!D:D,'TTB Reporting'!J:J,FALSE) -> FALSE
A36: 45527 | B36: LQD | C36: 24H23B | D36: 4 | E36: 4 | F36: Justin | G36: Light on the nose, slightly grassy | H36: =_xlfn.XLOOKUP(C36,'TTB Reporting'!D:D,'TTB Reporting'!J:J,FALSE) -> LQD 75-21-00-04
A37: 45527 | B37: LQD | C37: 24H23C | D37: 3 | E37: 3 | F37: Justin | G37: Light on the nose medical, slightly bitter | H37: =_xlfn.XLOOKUP(C37,'TTB Reporting'!D:D,'TTB Reporting'!J:J,FALSE) -> LQD 75-21-00-04
A38: 45531 | B38: Ferm 6 Isolation | D38: 5 | E38: 5 | F38: Alex | G38: Good rye Characteristic on nose, sweet with a thicker(oil) mouthfeel | H38: =_xlfn.XLOOKUP(C38,'TTB Reporting'!D:D,'TTB Reporting'!J:J,FALSE) -> 0
A39: 45530 | B39: LQD | C39: 24H26A | D39: 4 | E39: 4 | F39: Alex | G39: Good esters on nose, Neutral taste | H39: =_xlfn.XLOOKUP(C39,'TTB Reporting'!D:D,'TTB Reporting'!J:J,FALSE) -> LQD 75-21-00-04
A40: 45530 | B40: LQD | C40: 24H26A | D40: 4 | E40: 4 | F40: Justin | G40: Good nose light taste smooth | H40: =_xlfn.XLOOKUP(C40,'TTB Reporting'!D:D,'TTB Reporting'!J:J,FALSE) -> LQD 75-21-00-04
A41: 45530 | B41: LQD | C41: 24H26B | D41: 4 | E41: 4 | F41: Alex | G41: Good esters on nose, Acetic, slightly grassy | H41: =_xlfn.XLOOKUP(C41,'TTB Reporting'!D:D,'TTB Reporting'!J:J,FALSE) -> LQD 75-21-00-04
A42: 45530 | B42: LQD | C42: 24H26B | D42: 4 | E42: 4 | F42: Justin | G42: Great nose little light, Taste smooth and slightly creamy | H42: =_xlfn.XLOOKUP(C42,'TTB Reporting'!D:D,'TTB Reporting'!J:J,FALSE) -> LQD 75-21-00-04
A43: 45531 | B43: WCL | C43: 24H27A | D43: 4 | E43: 4 | F43: Alex | G43: Unique, fruity sweet taste with a rye spice on the nose, AA on the finish | H43: =_xlfn.XLOOKUP(C43,'TTB Reporting'!D:D,'TTB Reporting'!J:J,FALSE) -> WCL 75-15-00-10
A44: 45531 | B44: WCL | C44: 24H27A | D44: 4 | E44: 4 | F44: Justin | G44: Great nose , sweet and rich with slight cream | H44: =_xlfn.XLOOKUP(C44,'TTB Reporting'!D:D,'TTB Reporting'!J:J,FALSE) -> WCL 75-15-00-10
A45: 45531 | B45: WCL | C45: 24H27B | D45: 4 | E45: 4 | F45: Alex | H45: =_xlfn.XLOOKUP(C45,'TTB Reporting'!D:D,'TTB Reporting'!J:J,FALSE) -> WCL 75-15-00-10
A46: 45531 | B46: WCL | C46: 24H27B | D46: 3 | E46: 3 | F46: Justin | G46: Sharp on the nose, good taste slight bitter at the finish | H46: =_xlfn.XLOOKUP(C46,'TTB Reporting'!D:D,'TTB Reporting'!J:J,FALSE) -> WCL 75-15-00-10
A47: 45532 | B47: WCL | C47: 24H28A | D47: 3 | E47: 3 | F47: Alex | G47: acetic and bitter taste, not comparable to first lots | H47: =_xlfn.XLOOKUP(C47,'TTB Reporting'!D:D,'TTB Reporting'!J:J,FALSE) -> WCL 75-15-00-10
A48: 45532 | B48: WCL | C48: 24H28A | D48: 3 | E48: 3 | F48: Justin | G48: Slight bitter tsate, off from other lots | H48: =_xlfn.XLOOKUP(C48,'TTB Reporting'!D:D,'TTB Reporting'!J:J,FALSE) -> WCL 75-15-00-10
A49: 45532 | B49: HNW | C49: 24H28C | D49: 3 | E49: 3 | F49: Alex | G49: Heavy AA on nose, sweet taste with rye spice | H49: =_xlfn.XLOOKUP(C49,'TTB Reporting'!D:D,'TTB Reporting'!J:J,FALSE) -> HNW 51-39-00-10
A50: 45532 | B50: HNW | C50: 24H28C | D50: 3 | E50: 4 | F50: Justin | G50: AA on the nose, Sweet taste | H50: =_xlfn.XLOOKUP(C50,'TTB Reporting'!D:D,'TTB Reporting'!J:J,FALSE) -> HNW 51-39-00-10
A51: 45533 | B51: HNW | C51: 24H29A | D51: 3 | E51: 3 | F51: Alex | G51: Heavy AA on nose, bitter and AA/EA taste, no rye spice | H51: =_xlfn.XLOOKUP(C51,'TTB Reporting'!D:D,'TTB Reporting'!J:J,FALSE) -> HNW 51-39-00-10
A52: 45533 | B52: HNW | C52: 24H29A | D52: 3 | E52: 3 | F52: Justin | G52: AA on the nose, Slightly bitter and sweet taste | H52: =_xlfn.XLOOKUP(C52,'TTB Reporting'!D:D,'TTB Reporting'!J:J,FALSE) -> HNW 51-39-00-10
A53: 45533 | B53: WHK | C53: 24H29B | D53: 3 | E53: 3 | F53: Alex | G53: Vegatal on nose, slightly rye spice | H53: =_xlfn.XLOOKUP(C53,'TTB Reporting'!D:D,'TTB Reporting'!J:J,FALSE) -> WHK 51-39-00-10
A54: 45533 | B54: WHK | C54: 24H29B | D54: 3 | E54: 3 | F54: Justin | G54: Slight green on the nose, Sweet taste and slighty creamy | H54: =_xlfn.XLOOKUP(C54,'TTB Reporting'!D:D,'TTB Reporting'!J:J,FALSE) -> WHK 51-39-00-10
A55: 45533 | B55: WHK | C55: 24H29C | D55: 3 | E55: 3 | F55: Alex | G55: Vegatal, thicker mouthfeel | H55: =_xlfn.XLOOKUP(C55,'TTB Reporting'!D:D,'TTB Reporting'!J:J,FALSE) -> WHK 51-39-00-10
A56: 45533 | B56: WHK | C56: 24H29C | D56: 3 | E56: 3 | F56: Justin | G56: Slightly veggie, Slight sweet very slightly creamy. | H56: =_xlfn.XLOOKUP(C56,'TTB Reporting'!D:D,'TTB Reporting'!J:J,FALSE) -> WHK 51-39-00-10
A57: 45533 | B57: WCL | C57: 24H29D | D57: 3 | E57: 3 | F57: Alex | G57: Cooked vegetable on nose, Neutral taste, slightly sweet | H57: =_xlfn.XLOOKUP(C57,'TTB Reporting'!D:D,'TTB Reporting'!J:J,FALSE) -> WCL 75-15-00-10
... A129: 45554 | B129: FDP | C129: 24I18B | D129: 3 | E129: 4 | F129: Justin | G129: Light on the nose medical, slightly sweet | H129: =_xlfn.XLOOKUP(C129,'TTB Reporting'!D:D,'TTB Reporting'!J:J,FALSE) -> FDP 78-10-00-12
A130: 45554 | B130: FDP | C130: 24I18B | D130: 3 | E130: 4 | F130: Alex | H130: =_xlfn.XLOOKUP(C130,'TTB Reporting'!D:D,'TTB Reporting'!J:J,FALSE) -> FDP 78-10-00-12
A131: 45554 | B131: WGS | C131: 24I18C | D131: 3 | E131: 3 | F131: Justin | G131: off nose and slightly bitter | H131: =_xlfn.XLOOKUP(C131,'TTB Reporting'!D:D,'TTB Reporting'!J:J,FALSE) -> WGS 60-36-00-04
A132: 45554 | B132: WGS | C132: 24I18C | D132: 3 | E132: 3 | F132: Alex | G132: grainy taste, phenolic | H132: =_xlfn.XLOOKUP(C132,'TTB Reporting'!D:D,'TTB Reporting'!J:J,FALSE) -> WGS 60-36-00-04
A133: 45555 | B133: WGS | C133: 24I19A | D133: 3 | E133: 3 | F133: Justin | H133: =_xlfn.XLOOKUP(C133,'TTB Reporting'!D:D,'TTB Reporting'!J:J,FALSE) -> WGS 60-36-00-04
A134: 45555 | B134: WGS | C134: 24I19A | D134: 3 | E134: 3 | F134: Alex | G134: phenolic, lacking sweetness | H134: =_xlfn.XLOOKUP(C134,'TTB Reporting'!D:D,'TTB Reporting'!J:J,FALSE) -> WGS 60-36-00-04
A135: 45555 | B135: WGS | C135: 24I19B | D135: 3 | E135: 4 | F135: Justin | G135: Nose slightly green, very slightly sweet | H135: =_xlfn.XLOOKUP(C135,'TTB Reporting'!D:D,'TTB Reporting'!J:J,FALSE) -> WGS 60-36-00-04
A136: 45555 | B136: WGS | C136: 24I19B | D136: 3 | E136: 3 | F136: Alex | G136: slightly sweet, phenolic | H136: =_xlfn.XLOOKUP(C136,'TTB Reporting'!D:D,'TTB Reporting'!J:J,FALSE) -> WGS 60-36-00-04
A137: 45555 | B137: OTS | C137: 24I19C | D137: 3 | E137: 4 | F137: Justin | G137: Nose slightly green, very slightly sweet | H137: =_xlfn.XLOOKUP(C137,'TTB Reporting'!D:D,'TTB Reporting'!J:J,FALSE) -> OTS 75-21-00-04
A138: 45555 | B138: OTS | C138: 24I19C | D138: 3 | E138: 3 | F138: Alex | H138: =_xlfn.XLOOKUP(C138,'TTB Reporting'!D:D,'TTB Reporting'!J:J,FALSE) -> OTS 75-21-00-04
A139: 45558 | B139: OTS | C139: 24I20A | D139: 3 | E139: 4 | F139: Justin | G139: Green nose, slightly creamy | H139: =_xlfn.XLOOKUP(C139,'TTB Reporting'!D:D,'TTB Reporting'!J:J,FALSE) -> OTS 75-21-00-04
A140: 45558 | B140: OTS | C140: 24I20A | D140: 4 | E140: 4 | F140: Alex | G140: creamy, grainy, lacking | H140: =_xlfn.XLOOKUP(C140,'TTB Reporting'!D:D,'TTB Reporting'!J:J,FALSE) -> OTS 75-21-00-04
A141: 45558 | B141: OTS | C141: 24I20B | D141: 3 | E141: 3 | F141: Justin | G141: Grassy Nose, Little dry grainy | H141: =_xlfn.XLOOKUP(C141,'TTB Reporting'!D:D,'TTB Reporting'!J:J,FALSE) -> OTS 75-21-00-04
A142: 45558 | B142: OTS | C142: 24I20B | D142: 3 | E142: 3 | F142: Alex | G142: grainy, lacking | H142: =_xlfn.XLOOKUP(C142,'TTB Reporting'!D:D,'TTB Reporting'!J:J,FALSE) -> OTS 75-21-00-04
A143: 45558 | B143: OTS | C143: 24I20C | D143: 3 | E143: 3 | F143: Justin | G143: Grassy Nose, Little dry grainy | H143: =_xlfn.XLOOKUP(C143,'TTB Reporting'!D:D,'TTB Reporting'!J:J,FALSE) -> OTS 75-21-00-04
A144: 45558 | B144: OTS | C144: 24I20C | D144: 3 | E144: 3 | F144: Alex | G144: AA, phenolic, acetic/bitter | H144: =_xlfn.XLOOKUP(C144,'TTB Reporting'!D:D,'TTB Reporting'!J:J,FALSE) -> OTS 75-21-00-04
A145: 45559 | B145: OTS | C145: 24I23A | D145: 3 | E145: 3 | F145: Justin | G145: Sweaty, little grassy | H145: =_xlfn.XLOOKUP(C145,'TTB Reporting'!D:D,'TTB Reporting'!J:J,FALSE) -> OTS 80-10-00-10
A146: 45559 | B146: OTS | C146: 24I23A | D146: 3 | E146: 3 | F146: Alex | G146: vomit nose, grassy finish, unexpected from an 80% corn | H146: =_xlfn.XLOOKUP(C146,'TTB Reporting'!D:D,'TTB Reporting'!J:J,FALSE) -> OTS 80-10-00-10
A147: 45559 | B147: OTS | C147: 24I23B | D147: 3 | E147: 3 | F147: Justin | G147: Grainy, Lacking slight Sweet | H147: =_xlfn.XLOOKUP(C147,'TTB Reporting'!D:D,'TTB Reporting'!J:J,FALSE) -> OTS 75-21-00-04
A148: 45559 | B148: OTS | C148: 24I23B | D148: 3 | E148: 3 | F148: Alex | G148: yeasty/doughy, slightly fruity | H148: =_xlfn.XLOOKUP(C148,'TTB Reporting'!D:D,'TTB Reporting'!J:J,FALSE) -> OTS 75-21-00-04
A149: 45559 | B149: OTS | C149: 24I23D | D149: 4 | E149: 4 | F149: Justin | G149: Light sweet nose, Sweet | H149: =_xlfn.XLOOKUP(C149,'TTB Reporting'!D:D,'TTB Reporting'!J:J,FALSE) -> OTS 75-21-00-04
A150: 45559 | B150: OTS | C150: 24I23D | D150: 4 | E150: 4 | F150: Alex | G150: fruity notes, sweet grain | H150: =_xlfn.XLOOKUP(C150,'TTB Reporting'!D:D,'TTB Reporting'!J:J,FALSE) -> OTS 75-21-00-04
... A179: 45567 | B179: LSS | C179: 24I30B | D179: 4 | E179: 4 | F179: Justin | G179: slight off smell light sweet and creamy | H179: =_xlfn.XLOOKUP(C179,'TTB Reporting'!D:D,'TTB Reporting'!J:J,FALSE) -> LSS 73-18-00-09
A180: 45567 | B180: LSS | C180: 24I30B | D180: 4 | E180: 4 | F180: Alex | H180: =_xlfn.XLOOKUP(C180,'TTB Reporting'!D:D,'TTB Reporting'!J:J,FALSE) -> LSS 73-18-00-09
A181: 45567 | B181: LSS | C181: 24I30C | D181: 3 | E181: 4 | F181: Justin | G181: slight off smell light sweet and creamy | H181: =_xlfn.XLOOKUP(C181,'TTB Reporting'!D:D,'TTB Reporting'!J:J,FALSE) -> LSS 73-18-00-09
A182: 45567 | B182: LSS | C182: 24I30C | D182: 3 | E182: 4 | F182: Alex | H182: =_xlfn.XLOOKUP(C182,'TTB Reporting'!D:D,'TTB Reporting'!J:J,FALSE) -> LSS 73-18-00-09
A183: 45567 | B183: WHK | C183: 24J01A | D183: 3 | E183: 4 | F183: Justin | G183: slight off smell light sweet and creamy | H183: =_xlfn.XLOOKUP(C183,'TTB Reporting'!D:D,'TTB Reporting'!J:J,FALSE) -> WHK 73-18-00-09
A184: 45567 | B184: WHK | C184: 24J01A | D184: 4 | E184: 4 | F184: Alex | G184: Clean, rye spice | H184: =_xlfn.XLOOKUP(C184,'TTB Reporting'!D:D,'TTB Reporting'!J:J,FALSE) -> WHK 73-18-00-09
A185: 45567 | B185: PVS | C185: 24J01B | D185: 4 | E185: 4 | F185: Justin | H185: =_xlfn.XLOOKUP(C185,'TTB Reporting'!D:D,'TTB Reporting'!J:J,FALSE) -> PVS 00-95-00-05
A186: 45567 | B186: PVS | C186: 24J01B | D186: 4 | E186: 4 | F186: Alex | G186: Warm cinnamon, bread | H186: =_xlfn.XLOOKUP(C186,'TTB Reporting'!D:D,'TTB Reporting'!J:J,FALSE) -> PVS 00-95-00-05
A187: 45567 | B187: PVS | C187: 24J01C | D187: 4 | E187: 4 | F187: Justin | H187: =_xlfn.XLOOKUP(C187,'TTB Reporting'!D:D,'TTB Reporting'!J:J,FALSE) -> PVS 70-22-00-08
A188: 45567 | B188: PVS | C188: 24J01C | D188: 4 | E188: 4 | F188: Alex | H188: =_xlfn.XLOOKUP(C188,'TTB Reporting'!D:D,'TTB Reporting'!J:J,FALSE) -> PVS 70-22-00-08
A189: 45568 | B189: PVS | C189: 24J02A | D189: 3 | E189: 3 | F189: Justin | G189: Off smell and littlle sweet smooth | H189: =_xlfn.XLOOKUP(C189,'TTB Reporting'!D:D,'TTB Reporting'!J:J,FALSE) -> PVS 70-22-00-08
A190: 45568 | B190: PVS | C190: 24J02A | D190: 3 | E190: 4 | F190: Alex | G190: Vomit/grainy nose, sweet taste | H190: =_xlfn.XLOOKUP(C190,'TTB Reporting'!D:D,'TTB Reporting'!J:J,FALSE) -> PVS 70-22-00-08
A191: 45568 | B191: PVS | C191: 24J02B | D191: 3 | E191: 4 | F191: Justin | G191: Off smell and littlle sweet smooth | H191: =_xlfn.XLOOKUP(C191,'TTB Reporting'!D:D,'TTB Reporting'!J:J,FALSE) -> PVS 70-22-00-08
A192: 45568 | B192: PVS | C192: 24J02B | D192: 3 | E192: 4 | F192: Alex | G192: Vomit/grainy nose, sweet taste | H192: =_xlfn.XLOOKUP(C192,'TTB Reporting'!D:D,'TTB Reporting'!J:J,FALSE) -> PVS 70-22-00-08
A193: 45568 | B193: WHK | C193: 24J02C | D193: 4 | E193: 4 | F193: Justin | G193: Clean and sweet | H193: =_xlfn.XLOOKUP(C193,'TTB Reporting'!D:D,'TTB Reporting'!J:J,FALSE) -> FALSE
A194: 45568 | B194: WHK | C194: 24J02C | D194: 4 | E194: 4 | F194: Alex | G194: fruity, dry tanin finish | H194: =_xlfn.XLOOKUP(C194,'TTB Reporting'!D:D,'TTB Reporting'!J:J,FALSE) -> FALSE
A195: 45569 | B195: LSS | C195: 24J02D | D195: 4 | E195: 4 | F195: Justin | G195: Fruit sweet smooth | H195: =_xlfn.XLOOKUP(C195,'TTB Reporting'!D:D,'TTB Reporting'!J:J,FALSE) -> LSS 73-18-00-09
A196: 45569 | B196: LSS | C196: 24J02D | D196: 4 | E196: 4 | F196: Alex | G196: Sweat nose, fruity/dry | H196: =_xlfn.XLOOKUP(C196,'TTB Reporting'!D:D,'TTB Reporting'!J:J,FALSE) -> LSS 73-18-00-09
A197: 45569 | B197: WHK | C197: 24J02E | D197: 4 | E197: 4 | F197: Justin | G197: light sweaty, sweet smooht | H197: =_xlfn.XLOOKUP(C197,'TTB Reporting'!D:D,'TTB Reporting'!J:J,FALSE) -> WHK 73-18-00-09
A198: 45569 | B198: WHK | C198: 24J02E | D198: 4 | E198: 4 | F198: Alex | G198: Fruity/Creamy | H198: =_xlfn.XLOOKUP(C198,'TTB Reporting'!D:D,'TTB Reporting'!J:J,FALSE) -> WHK 73-18-00-09
A199: 45569 | B199: PVS | C199: 24J03A | D199: 4 | E199: 4 | F199: Justin | G199: Sweet and Creamy | H199: =_xlfn.XLOOKUP(C199,'TTB Reporting'!D:D,'TTB Reporting'!J:J,FALSE) -> PVS 00-95-00-05
A200: 45569 | B200: PVS | C200: 24J03A | D200: 4 | E200: 4 | F200: Alex | G200: Full Rye characteristics | H200: =_xlfn.XLOOKUP(C200,'TTB Reporting'!D:D,'TTB Reporting'!J:J,FALSE) -> PVS 00-95-00-05
... A204: 45572 | B204: PVS | C204: 24J04A | D204: 4 | E204: 4 | F204: Alex | G204: Pepper and spice | H204: =_xlfn.XLOOKUP(C204,'TTB Reporting'!D:D,'TTB Reporting'!J:J,FALSE) -> PVS 00-95-00-05
A205: 45572 | B205: GRS | C205: 24J04B | D205: 4 | E205: 4 | F205: Justin | H205: =_xlfn.XLOOKUP(C205,'TTB Reporting'!D:D,'TTB Reporting'!J:J,FALSE) -> WHK 00-95-00-05
A206: 45572 | B206: GRS | C206: 24J04B | D206: 4 | E206: 4 | F206: Alex | G206: Pepper and spice | H206: =_xlfn.XLOOKUP(C206,'TTB Reporting'!D:D,'TTB Reporting'!J:J,FALSE) -> WHK 00-95-00-05
A207: 45573 | B207: DBC | C207: 24J07A | D207: 4 | E207: 4 | F207: Justin | G207: full nose, slightly spicy smooth | H207: =_xlfn.XLOOKUP(C207,'TTB Reporting'!D:D,'TTB Reporting'!J:J,FALSE) -> DBC 52-00-36-12
A208: 45573 | B208: DBC | C208: 24J07A | D208: 4 | E208: 4 | F208: Alex | H208: =_xlfn.XLOOKUP(C208,'TTB Reporting'!D:D,'TTB Reporting'!J:J,FALSE) -> DBC 52-00-36-12
A209: 45573 | B209: DBC | C209: 24J07B | D209: 4 | E209: 4 | F209: Justin | G209: full nose, slightly spicy smooth | H209: =_xlfn.XLOOKUP(C209,'TTB Reporting'!D:D,'TTB Reporting'!J:J,FALSE) -> DBC 52-00-36-12
A210: 45573 | B210: DBC | C210: 24J07B | D210: 4 | E210: 4 | F210: Alex | H210: =_xlfn.XLOOKUP(C210,'TTB Reporting'!D:D,'TTB Reporting'!J:J,FALSE) -> DBC 52-00-36-12
A211: 45573 | B211: DBC | C211: 24J07C | D211: 4 | E211: 4 | F211: Justin | G211: full nose, slightly spicy smooth | H211: =_xlfn.XLOOKUP(C211,'TTB Reporting'!D:D,'TTB Reporting'!J:J,FALSE) -> DBC 52-00-36-12
A212: 45573 | B212: DBC | C212: 24J07C | D212: 4 | E212: 4 | F212: Alex | H212: =_xlfn.XLOOKUP(C212,'TTB Reporting'!D:D,'TTB Reporting'!J:J,FALSE) -> DBC 52-00-36-12
...

Sheet DropDown Data
A1: Choose WHSE | C1: Select Type | E1: Select Tank | F1: Barrel OEM
A2: WHK_WHSE_01 | C2: American Single Malt | E2: Blend Tank 01 | F2: WVGBC
A3: WHK_WHSE_02 | C3: Corn Bourbon | E3: Blend Tank 02 | F3: ISC
A4: WHK_WHSE_03 | C4: Corn Whiskey | E4: Cistern Tank 01
A5: WHK_WHSE_04 | C5: Rye Bourbon | E5: Cistern Tank 02
A6: WHK_WHSE_05 | C6: Rye Whiskey | E6: Cistern Tank 03
A7: WHK_WHSE_06 | C7: Wheated Bourbon
A8: WHK_WHSE_07 | C8: Wheat Whiskey
A9: WHK_WHSE_08
A10: WHK_WHSE_09
A11: WHK_WHSE_10
A12: WHK_WHSE_11
A13: WHK_WHSE_12
A14: WHK_WHSE_13
A15: WHK_WHSE_14
A16: WHK_WHSE_15
A17: WHK_WHSE_16
A18: WHK_WHSE_17
A19: WHK_WHSE_18
A20: WHK_WHSE_19
... A34: WHK_WHSE_33

Sheet Tracking Data
A1: Date | B1: Total WHSE Days | C1: Total OPS Days | D1: PGs YTD | E1: PGs / Month | F1: PGs / Day for Month | G1: WGs YTD | H1: WGs / Month | I1: WGs / Day for Month | J1: Barrels YTD | K1: Barrels / Month | L1: Barrels / Day for Month | M1: Mo / Day Increase in PGs by %
A2: 45474 | B2: 13 | C2: 24 | D2: =SUM('TTB Reporting'!#REF!,'TTB Reporting'!#REF!,'TTB Reporting'!N22,'TTB Reporting'!N23,'TTB Reporting'!N24) -> #REF! | E2: =SUM('TTB Reporting'!#REF!,'TTB Reporting'!#REF!,'TTB Reporting'!N22,'TTB Reporting'!N23,'TTB Reporting'!N24) -> #REF! | F2: =(E2/C2) -> #REF! | G2: =SUM('TTB Reporting'!#REF!,'TTB Reporting'!#REF!,'TTB Reporting'!M22,'TTB Reporting'!M23,'TTB Reporting'!M24) -> #REF! | H2: =SUM('TTB Reporting'!#REF!,'TTB Reporting'!#REF!,'TTB Reporting'!M22,'TTB Reporting'!M23,'TTB Reporting'!M24) -> #REF! | I2: =(H2/C2) -> #REF! | J2: =SUM('TTB Reporting'!R2,'TTB Reporting'!#REF!,'TTB Reporting'!R22,'TTB Reporting'!R23,'TTB Reporting'!R24) -> #REF! | K2: =SUM('TTB Reporting'!R2,'TTB Reporting'!#REF!,'TTB Reporting'!R22,'TTB Reporting'!R23,'TTB Reporting'!R24) -> #REF! | L2: =(K2/C2) -> #REF!
A3: 45505 | B3: 22 | C3: 30 | D3: =SUM('TTB Reporting'!N25:N36,'TTB Reporting'!N37:N53,'TTB Reporting'!N54:N61,'TTB Reporting'!N62:N64,'TTB Reporting'!N65:N68,'TTB Reporting'!N69:N73,'TTB Reporting'!N74:N76,'TTB Reporting'!N77:N78,'TTB Reporting'!N80:N82)+D2 -> #REF! | E3: =SUM('TTB Reporting'!N25:N36,'TTB Reporting'!N37:N53,'TTB Reporting'!N54:N61,'TTB Reporting'!N62:N64,'TTB Reporting'!N65:N68,'TTB Reporting'!N69:N73,'TTB Reporting'!N74:N76,'TTB Reporting'!N77:N78,'TTB Reporting'!N80:N82) -> 640819.6 | F3: =(E3/C3) -> 21360.653 | G3: =SUM('TTB Reporting'!M25:M36,'TTB Reporting'!#REF!,'TTB Reporting'!#REF!,'TTB Reporting'!#REF!,'TTB Reporting'!#REF!,'TTB Reporting'!#REF!,'TTB Reporting'!#REF!,'TTB Reporting'!#REF!,'TTB Reporting'!#REF!)+G2 -> #REF! | H3: =SUM('TTB Reporting'!M25:M36,'TTB Reporting'!#REF!,'TTB Reporting'!#REF!,'TTB Reporting'!#REF!,'TTB Reporting'!#REF!,'TTB Reporting'!#REF!,'TTB Reporting'!#REF!,'TTB Reporting'!#REF!,'TTB Reporting'!#REF!) -> #REF! | I3: =(H3/C3) -> #REF! | J3: =SUM('TTB Reporting'!R25:R36,'TTB Reporting'!#REF!,'TTB Reporting'!#REF!,'TTB Reporting'!#REF!,'TTB Reporting'!#REF!,'TTB Reporting'!#REF!,'TTB Reporting'!#REF!,'TTB Reporting'!#REF!,'TTB Reporting'!#REF!)+J2 -> #REF! | K3: =SUM('TTB Reporting'!R25:R36,'TTB Reporting'!#REF!,'TTB Reporting'!#REF!,'TTB Reporting'!#REF!,'TTB Reporting'!#REF!,'TTB Reporting'!#REF!,'TTB Reporting'!#REF!,'TTB Reporting'!#REF!,'TTB Reporting'!#REF!) -> #REF! | L3: =(K3/C3) -> #REF! | M3: =(E3/E2) -> #REF!
A4: 45559 | J4: =(J3+552) -> #REF!
A12: Totals 2024 | B12: =SUM(B2:B11) -> 35 | C12: =SUM(C2:C11) -> 54 | E12: =SUM(E2:E11) -> #REF! | F12: =AVERAGE(F2:F11) -> #REF! | H12: =SUM(H2:H11) -> #REF! | I12: =AVERAGE(I2:I11) -> #REF! | K12: =SUM(K2:K11) -> #REF! | L12: =AVERAGE(L2:L11) -> #REF! | M12: =AVERAGE(M2:M11) -> #REF!
A13: =COUNTA(B2:B11) -> 2
